mc	mn	quarterbeats	quarterbeats_all_endings	duration_qb	mc_onset	mn_onset	event	timesig	staff	voice	duration	gracenote	nominal_duration	scalar	chord_id	dynamics	articulation	tempo	qpm	metronome_base	metronome_number	tempo_visible	slur
1	0	0	0	0.0	0	3/4	Tempo	4/4	1	1	0							ùÖü=120	120.0	ùÖü	120.0	0.0	
1	0	0	0	1.0	0	3/4	Chord	4/4	1	1	1/4		1/4	1	0								
2	1	1	1	0.0	0	0	Chord	4/4	1	1	0	grace16	1/16	1	1								
2	1	1	1	0.5	0	0	Chord	4/4	1	1	1/8		1/8	1	2								
2	1	3/2	3/2	0.25	1/8	1/8	Chord	4/4	1	1	1/16		1/16	1	3								
2	1	7/4	7/4	0.25	3/16	3/16	Chord	4/4	1	1	1/16		1/16	1	4								
2	1	2	2	1.0	1/4	1/4	Chord	4/4	1	1	1/4		1/4	1	5								
2	1	3	3	0.0	1/2	1/2	Dynamic	4/4	1	1	0					p							
2	1	3	3	0.25	1/2	1/2	Chord	4/4	1	1	1/16		1/16	1	6								
2	1	13/4	13/4	0.25	9/16	9/16	Chord	4/4	1	1	1/16		1/16	1	7								
2	1	7/2	7/2	0.25	5/8	5/8	Chord	4/4	1	1	1/16		1/16	1	8								
2	1	15/4	15/4	0.25	11/16	11/16	Chord	4/4	1	1	1/16		1/16	1	9								
2	1	4	4	0.25	3/4	3/4	Chord	4/4	1	1	1/16		1/16	1	10								
2	1	17/4	17/4	0.25	13/16	13/16	Chord	4/4	1	1	1/16		1/16	1	11								
2	1	9/2	9/2	0.25	7/8	7/8	Chord	4/4	1	1	1/16		1/16	1	12								
2	1	19/4	19/4	0.25	15/16	15/16	Chord	4/4	1	1	1/16		1/16	1	13								
2	1	1	1	0.5	0	0	Chord	4/4	2	1	1/8		1/8	1	14								0
2	1	3/2	3/2	0.5	1/8	1/8	Chord	4/4	2	1	1/8		1/8	1	15								0
2	1	2	2	0.5	1/4	1/4	Chord	4/4	2	1	1/8		1/8	1	16								0
2	1	5/2	5/2	0.5	3/8	3/8	Chord	4/4	2	1	1/8		1/8	1	17								
2	1	3	3	0.5	1/2	1/2	Chord	4/4	2	1	1/8		1/8	1	18								1
2	1	7/2	7/2	0.5	5/8	5/8	Chord	4/4	2	1	1/8		1/8	1	19								1
2	1	4	4	0.5	3/4	3/4	Chord	4/4	2	1	1/8		1/8	1	20								1
2	1	9/2	9/2	0.5	7/8	7/8	Chord	4/4	2	1	1/8		1/8	1	21								
3	2	5	5	2.0	0	0	Chord	4/4	1	1	1/2		1/2	1	22								2
3	2	7	7	1.0	1/2	1/2	Chord	4/4	1	1	1/4		1/4	1	23		ornamentTrill						
3	2	17/2	17/2	0.0	7/8	7/8	Dynamic	4/4	1	1	0					f							
3	2	17/2	17/2	0.5	7/8	7/8	Chord	4/4	1	1	1/8		1/8	1	24								
3	2	5	5	0.5	0	0	Chord	4/4	2	1	1/8		1/8	1	25								3
3	2	11/2	11/2	0.5	1/8	1/8	Chord	4/4	2	1	1/8		1/8	1	26								3
3	2	6	6	0.5	1/4	1/4	Chord	4/4	2	1	1/8		1/8	1	27								3
3	2	13/2	13/2	0.5	3/8	3/8	Chord	4/4	2	1	1/8		1/8	1	28								
3	2	7	7	0.5	1/2	1/2	Chord	4/4	2	1	1/8		1/8	1	29								
3	2	15/2	15/2	0.5	5/8	5/8	Chord	4/4	2	1	1/8		1/8	1	30								
3	2	8	8	0.5	3/4	3/4	Chord	4/4	2	1	1/8		1/8	1	31								
3	2	17/2	17/2	0.5	7/8	7/8	Chord	4/4	2	1	1/8		1/8	1	32								
4	3	9	9	0.0	0	0	Chord	4/4	1	1	0	grace16	1/16	1	33								
4	3	9	9	0.5	0	0	Chord	4/4	1	1	1/8		1/8	1	34								
4	3	19/2	19/2	0.25	1/8	1/8	Chord	4/4	1	1	1/16		1/16	1	35								
4	3	39/4	39/4	0.25	3/16	3/16	Chord	4/4	1	1	1/16		1/16	1	36								
4	3	10	10	1.0	1/4	1/4	Chord	4/4	1	1	1/4		1/4	1	37								
4	3	11	11	0.0	1/2	1/2	Dynamic	4/4	1	1	0					p							
4	3	11	11	0.25	1/2	1/2	Chord	4/4	1	1	1/16		1/16	1	38								
4	3	45/4	45/4	0.25	9/16	9/16	Chord	4/4	1	1	1/16		1/16	1	39								
4	3	23/2	23/2	0.25	5/8	5/8	Chord	4/4	1	1	1/16		1/16	1	40								
4	3	47/4	47/4	0.25	11/16	11/16	Chord	4/4	1	1	1/16		1/16	1	41								
4	3	12	12	0.25	3/4	3/4	Chord	4/4	1	1	1/16		1/16	1	42								
4	3	49/4	49/4	0.25	13/16	13/16	Chord	4/4	1	1	1/16		1/16	1	43								
4	3	25/2	25/2	0.25	7/8	7/8	Chord	4/4	1	1	1/16		1/16	1	44								
4	3	51/4	51/4	0.25	15/16	15/16	Chord	4/4	1	1	1/16		1/16	1	45								
4	3	9	9	0.5	0	0	Chord	4/4	2	1	1/8		1/8	1	46								
4	3	19/2	19/2	0.5	1/8	1/8	Chord	4/4	2	1	1/8		1/8	1	47								
4	3	10	10	0.5	1/4	1/4	Chord	4/4	2	1	1/8		1/8	1	48								
4	3	21/2	21/2	0.5	3/8	3/8	Chord	4/4	2	1	1/8		1/8	1	49								
4	3	11	11	0.5	1/2	1/2	Chord	4/4	2	1	1/8		1/8	1	50								
4	3	23/2	23/2	0.5	5/8	5/8	Chord	4/4	2	1	1/8		1/8	1	51								
4	3	12	12	0.5	3/4	3/4	Chord	4/4	2	1	1/8		1/8	1	52								
4	3	25/2	25/2	0.5	7/8	7/8	Chord	4/4	2	1	1/8		1/8	1	53								
5	4	13	13	2.0	0	0	Chord	4/4	1	1	1/2		1/2	1	54								4
5	4	15	15	1.0	1/2	1/2	Chord	4/4	1	1	1/4		1/4	1	55								
5	4	33/2	33/2	0.0	7/8	7/8	Dynamic	4/4	1	1	0					f							
5	4	33/2	33/2	0.5	7/8	7/8	Chord	4/4	1	1	1/8		1/8	1	56								
5	4	13	13	0.5	0	0	Chord	4/4	2	1	1/8		1/8	1	57								
5	4	27/2	27/2	0.5	1/8	1/8	Chord	4/4	2	1	1/8		1/8	1	58								
5	4	14	14	0.5	1/4	1/4	Chord	4/4	2	1	1/8		1/8	1	59								
5	4	29/2	29/2	0.5	3/8	3/8	Chord	4/4	2	1	1/8		1/8	1	60								
5	4	15	15	0.5	1/2	1/2	Chord	4/4	2	1	1/8		1/8	1	61								5
5	4	31/2	31/2	0.5	5/8	5/8	Chord	4/4	2	1	1/8		1/8	1	62								5
5	4	16	16	0.5	3/4	3/4	Chord	4/4	2	1	1/8		1/8	1	63								5
5	4	33/2	33/2	0.5	7/8	7/8	Chord	4/4	2	1	1/8		1/8	1	64								
6	5	17	17	0.0	0	0	Chord	4/4	1	1	0	grace16	1/16	1	65								
6	5	17	17	0.5	0	0	Chord	4/4	1	1	1/8		1/8	1	66								
6	5	35/2	35/2	0.25	1/8	1/8	Chord	4/4	1	1	1/16		1/16	1	67								
6	5	71/4	71/4	0.25	3/16	3/16	Chord	4/4	1	1	1/16		1/16	1	68								
6	5	18	18	1.0	1/4	1/4	Chord	4/4	1	1	1/4		1/4	1	69								
6	5	19	19	0.0	1/2	1/2	Chord	4/4	1	1	0	grace16	1/16	1	70								
6	5	19	19	0.5	1/2	1/2	Chord	4/4	1	1	1/8		1/8	1	71								
6	5	39/2	39/2	0.25	5/8	5/8	Chord	4/4	1	1	1/16		1/16	1	72								
6	5	79/4	79/4	0.25	11/16	11/16	Chord	4/4	1	1	1/16		1/16	1	73								
6	5	20	20	0.0	3/4	3/4	Chord	4/4	1	1	0	grace16	1/16	1	74								
6	5	20	20	0.5	3/4	3/4	Chord	4/4	1	1	1/8		1/8	1	75								
6	5	41/2	41/2	0.25	7/8	7/8	Chord	4/4	1	1	1/16		1/16	1	76								
6	5	83/4	83/4	0.25	15/16	15/16	Chord	4/4	1	1	1/16		1/16	1	77								
6	5	17	17	0.5	0	0	Chord	4/4	2	1	1/8		1/8	1	78								
6	5	35/2	35/2	0.5	1/8	1/8	Chord	4/4	2	1	1/8		1/8	1	79								
6	5	18	18	0.5	1/4	1/4	Chord	4/4	2	1	1/8		1/8	1	80								
6	5	37/2	37/2	0.5	3/8	3/8	Chord	4/4	2	1	1/8		1/8	1	81								
6	5	19	19	0.5	1/2	1/2	Chord	4/4	2	1	1/8		1/8	1	82								
6	5	39/2	39/2	0.5	5/8	5/8	Chord	4/4	2	1	1/8		1/8	1	83								
6	5	20	20	0.5	3/4	3/4	Chord	4/4	2	1	1/8		1/8	1	84								
6	5	41/2	41/2	0.5	7/8	7/8	Chord	4/4	2	1	1/8		1/8	1	85								
7	6	21	21	0.0	0	0	Chord	4/4	1	1	0	grace16	1/16	1	86								
7	6	21	21	0.5	0	0	Chord	4/4	1	1	1/8		1/8	1	87								
7	6	43/2	43/2	0.25	1/8	1/8	Chord	4/4	1	1	1/16		1/16	1	88								
7	6	87/4	87/4	0.25	3/16	3/16	Chord	4/4	1	1	1/16		1/16	1	89								
7	6	22	22	1.0	1/4	1/4	Chord	4/4	1	1	1/4		1/4	1	90								
7	6	23	23	0.0	1/2	1/2	Chord	4/4	1	1	0	grace16	1/16	1	91								
7	6	23	23	0.5	1/2	1/2	Chord	4/4	1	1	1/8		1/8	1	92								
7	6	47/2	47/2	0.25	5/8	5/8	Chord	4/4	1	1	1/16		1/16	1	93								
7	6	95/4	95/4	0.25	11/16	11/16	Chord	4/4	1	1	1/16		1/16	1	94								
7	6	24	24	0.0	3/4	3/4	Chord	4/4	1	1	0	grace16	1/16	1	95								
7	6	24	24	0.5	3/4	3/4	Chord	4/4	1	1	1/8		1/8	1	96								
7	6	49/2	49/2	0.25	7/8	7/8	Chord	4/4	1	1	1/16		1/16	1	97								
7	6	99/4	99/4	0.25	15/16	15/16	Chord	4/4	1	1	1/16		1/16	1	98								
7	6	21	21	0.5	0	0	Chord	4/4	2	1	1/8		1/8	1	99								
7	6	43/2	43/2	0.5	1/8	1/8	Chord	4/4	2	1	1/8		1/8	1	100								
7	6	22	22	0.5	1/4	1/4	Chord	4/4	2	1	1/8		1/8	1	101								
7	6	45/2	45/2	0.5	3/8	3/8	Chord	4/4	2	1	1/8		1/8	1	102								
7	6	23	23	0.5	1/2	1/2	Chord	4/4	2	1	1/8		1/8	1	103								
7	6	47/2	47/2	0.5	5/8	5/8	Chord	4/4	2	1	1/8		1/8	1	104								
7	6	24	24	0.5	3/4	3/4	Chord	4/4	2	1	1/8		1/8	1	105								
7	6	49/2	49/2	0.5	7/8	7/8	Chord	4/4	2	1	1/8		1/8	1	106								
8	7	25	25	0.5	0	0	Chord	4/4	1	1	1/8		1/8	1	107								
8	7	51/2	51/2	1.0	1/8	1/8	Chord	4/4	1	1	1/4		1/4	1	108								
8	7	53/2	53/2	0.25	3/8	3/8	Chord	4/4	1	1	1/16		1/16	1	109								
8	7	107/4	107/4	0.25	7/16	7/16	Chord	4/4	1	1	1/16		1/16	1	110								
8	7	27	27	0.5	1/2	1/2	Chord	4/4	1	1	1/8		1/8	1	111								
8	7	55/2	55/2	1.0	5/8	5/8	Chord	4/4	1	1	1/4		1/4	1	112								
8	7	57/2	57/2	0.25	7/8	7/8	Chord	4/4	1	1	1/16		1/16	1	113								
8	7	115/4	115/4	0.25	15/16	15/16	Chord	4/4	1	1	1/16		1/16	1	114								
8	7	25	25	0.5	0	0	Chord	4/4	2	1	1/8		1/8	1	115								
8	7	51/2	51/2	0.5	1/8	1/8	Chord	4/4	2	1	1/8		1/8	1	116								
8	7	26	26	0.5	1/4	1/4	Chord	4/4	2	1	1/8		1/8	1	117								
8	7	53/2	53/2	0.5	3/8	3/8	Chord	4/4	2	1	1/8		1/8	1	118								
8	7	27	27	0.5	1/2	1/2	Chord	4/4	2	1	1/8		1/8	1	119								
8	7	55/2	55/2	0.5	5/8	5/8	Chord	4/4	2	1	1/8		1/8	1	120								
8	7	28	28	0.5	3/4	3/4	Chord	4/4	2	1	1/8		1/8	1	121								
8	7	57/2	57/2	0.5	7/8	7/8	Chord	4/4	2	1	1/8		1/8	1	122								
9	8	29	29	0.0	0	0	Chord	4/4	1	1	0	grace16	1/16	1	123								
9	8	29	29	0.25	0	0	Chord	4/4	1	1	1/16		1/16	1	124								
9	8	117/4	117/4	0.25	1/16	1/16	Chord	4/4	1	1	1/16		1/16	1	125								
9	8	59/2	59/2	0.25	1/8	1/8	Chord	4/4	1	1	1/16		1/16	1	126								
9	8	119/4	119/4	0.25	3/16	3/16	Chord	4/4	1	1	1/16		1/16	1	127								
9	8	30	30	1.0	1/4	1/4	Chord	4/4	1	1	1/4		1/4	1	128								
9	8	32	32	1.0	3/4	3/4	Chord	4/4	1	1	1/4		1/4	1	129								
9	8	29	29	1.0	0	0	Chord	4/4	2	1	1/4		1/4	1	130								
9	8	61/2	61/2	0.5	3/8	3/8	Chord	4/4	2	1	1/8		1/8	1	131								
9	8	31	31	0.5	1/2	1/2	Chord	4/4	2	1	1/8		1/8	1	132								
9	8	63/2	63/2	0.5	5/8	5/8	Chord	4/4	2	1	1/8		1/8	1	133								
9	8	32	32	0.5	3/4	3/4	Chord	4/4	2	1	1/8		1/8	1	134								
9	8	65/2	65/2	0.5	7/8	7/8	Chord	4/4	2	1	1/8		1/8	1	135								
9	8	29	29	1.0	0	0	Chord	4/4	2	2	1/4		1/4	1	136								
10	9	33	33	0.0	0	0	Chord	4/4	1	1	0	grace16	1/16	1	137								
10	9	33	33	0.5	0	0	Chord	4/4	1	1	1/8		1/8	1	138								
10	9	67/2	67/2	0.25	1/8	1/8	Chord	4/4	1	1	1/16		1/16	1	139								
10	9	135/4	135/4	0.25	3/16	3/16	Chord	4/4	1	1	1/16		1/16	1	140								
10	9	34	34	1.0	1/4	1/4	Chord	4/4	1	1	1/4		1/4	1	141								
10	9	35	35	0.0	1/2	1/2	Dynamic	4/4	1	1	0					p							
10	9	35	35	0.25	1/2	1/2	Chord	4/4	1	1	1/16		1/16	1	142								
10	9	141/4	141/4	0.25	9/16	9/16	Chord	4/4	1	1	1/16		1/16	1	143								
10	9	71/2	71/2	0.25	5/8	5/8	Chord	4/4	1	1	1/16		1/16	1	144								
10	9	143/4	143/4	0.25	11/16	11/16	Chord	4/4	1	1	1/16		1/16	1	145								
10	9	36	36	0.25	3/4	3/4	Chord	4/4	1	1	1/16		1/16	1	146								
10	9	145/4	145/4	0.25	13/16	13/16	Chord	4/4	1	1	1/16		1/16	1	147								
10	9	73/2	73/2	0.25	7/8	7/8	Chord	4/4	1	1	1/16		1/16	1	148								
10	9	147/4	147/4	0.25	15/16	15/16	Chord	4/4	1	1	1/16		1/16	1	149								
10	9	33	33	0.5	0	0	Chord	4/4	2	1	1/8		1/8	1	150								
10	9	67/2	67/2	0.5	1/8	1/8	Chord	4/4	2	1	1/8		1/8	1	151								
10	9	34	34	0.5	1/4	1/4	Chord	4/4	2	1	1/8		1/8	1	152								
10	9	69/2	69/2	0.5	3/8	3/8	Chord	4/4	2	1	1/8		1/8	1	153								
10	9	35	35	0.5	1/2	1/2	Chord	4/4	2	1	1/8		1/8	1	154								
10	9	71/2	71/2	0.5	5/8	5/8	Chord	4/4	2	1	1/8		1/8	1	155								
10	9	36	36	0.5	3/4	3/4	Chord	4/4	2	1	1/8		1/8	1	156								
10	9	73/2	73/2	0.5	7/8	7/8	Chord	4/4	2	1	1/8		1/8	1	157								
11	10	37	37	2.0	0	0	Chord	4/4	1	1	1/2		1/2	1	158								6
11	10	39	39	1.0	1/2	1/2	Chord	4/4	1	1	1/4		1/4	1	159		ornamentTrill						
11	10	81/2	81/2	0.0	7/8	7/8	Dynamic	4/4	1	1	0					f							
11	10	81/2	81/2	0.5	7/8	7/8	Chord	4/4	1	1	1/8		1/8	1	160								
11	10	37	37	0.5	0	0	Chord	4/4	2	1	1/8		1/8	1	161								
11	10	75/2	75/2	0.5	1/8	1/8	Chord	4/4	2	1	1/8		1/8	1	162								
11	10	38	38	0.5	1/4	1/4	Chord	4/4	2	1	1/8		1/8	1	163								
11	10	77/2	77/2	0.5	3/8	3/8	Chord	4/4	2	1	1/8		1/8	1	164								
11	10	39	39	0.5	1/2	1/2	Chord	4/4	2	1	1/8		1/8	1	165								7
11	10	79/2	79/2	0.5	5/8	5/8	Chord	4/4	2	1	1/8		1/8	1	166								7
11	10	40	40	0.5	3/4	3/4	Chord	4/4	2	1	1/8		1/8	1	167								7
11	10	81/2	81/2	0.5	7/8	7/8	Chord	4/4	2	1	1/8		1/8	1	168								
12	11	41	41	0.0	0	0	Chord	4/4	1	1	0	grace16	1/16	1	169								
12	11	41	41	0.5	0	0	Chord	4/4	1	1	1/8		1/8	1	170								
12	11	83/2	83/2	0.25	1/8	1/8	Chord	4/4	1	1	1/16		1/16	1	171								
12	11	167/4	167/4	0.25	3/16	3/16	Chord	4/4	1	1	1/16		1/16	1	172								
12	11	42	42	1.0	1/4	1/4	Chord	4/4	1	1	1/4		1/4	1	173								
12	11	43	43	0.0	1/2	1/2	Dynamic	4/4	1	1	0					p							
12	11	43	43	0.25	1/2	1/2	Chord	4/4	1	1	1/16		1/16	1	174								
12	11	173/4	173/4	0.25	9/16	9/16	Chord	4/4	1	1	1/16		1/16	1	175								
12	11	87/2	87/2	0.25	5/8	5/8	Chord	4/4	1	1	1/16		1/16	1	176								
12	11	175/4	175/4	0.25	11/16	11/16	Chord	4/4	1	1	1/16		1/16	1	177								
12	11	44	44	0.25	3/4	3/4	Chord	4/4	1	1	1/16		1/16	1	178								
12	11	177/4	177/4	0.25	13/16	13/16	Chord	4/4	1	1	1/16		1/16	1	179								
12	11	89/2	89/2	0.25	7/8	7/8	Chord	4/4	1	1	1/16		1/16	1	180								
12	11	179/4	179/4	0.25	15/16	15/16	Chord	4/4	1	1	1/16		1/16	1	181								
12	11	41	41	0.5	0	0	Chord	4/4	2	1	1/8		1/8	1	182								
12	11	83/2	83/2	0.5	1/8	1/8	Chord	4/4	2	1	1/8		1/8	1	183								
12	11	42	42	0.5	1/4	1/4	Chord	4/4	2	1	1/8		1/8	1	184								
12	11	85/2	85/2	0.5	3/8	3/8	Chord	4/4	2	1	1/8		1/8	1	185								
12	11	43	43	0.5	1/2	1/2	Chord	4/4	2	1	1/8		1/8	1	186								
12	11	87/2	87/2	0.5	5/8	5/8	Chord	4/4	2	1	1/8		1/8	1	187								
12	11	44	44	0.5	3/4	3/4	Chord	4/4	2	1	1/8		1/8	1	188								
12	11	89/2	89/2	0.5	7/8	7/8	Chord	4/4	2	1	1/8		1/8	1	189								
13	12	45	45	1.5	0	0	Chord	4/4	1	1	3/8		1/4	3/2	190								8
13	12	93/2	93/2	0.5	3/8	3/8	Chord	4/4	1	1	1/8		1/8	1	191								
13	12	47	47	1.0	1/2	1/2	Chord	4/4	1	1	1/4		1/4	1	192								
13	12	97/2	97/2	0.0	7/8	7/8	Dynamic	4/4	1	1	0					f							
13	12	97/2	97/2	0.5	7/8	7/8	Chord	4/4	1	1	1/8		1/8	1	193								
13	12	45	45	0.5	0	0	Chord	4/4	2	1	1/8		1/8	1	194								
13	12	91/2	91/2	0.5	1/8	1/8	Chord	4/4	2	1	1/8		1/8	1	195								
13	12	46	46	0.5	1/4	1/4	Chord	4/4	2	1	1/8		1/8	1	196								
13	12	93/2	93/2	0.5	3/8	3/8	Chord	4/4	2	1	1/8		1/8	1	197								
13	12	47	47	0.5	1/2	1/2	Chord	4/4	2	1	1/8		1/8	1	198								9
13	12	95/2	95/2	0.5	5/8	5/8	Chord	4/4	2	1	1/8		1/8	1	199								9
13	12	48	48	0.5	3/4	3/4	Chord	4/4	2	1	1/8		1/8	1	200								9
13	12	97/2	97/2	0.5	7/8	7/8	Chord	4/4	2	1	1/8		1/8	1	201								
14	13	49	49	0.5	0	0	Chord	4/4	1	1	1/8		1/8	1	202								
14	13	99/2	99/2	0.25	1/8	1/8	Chord	4/4	1	1	1/16		1/16	1	203								
14	13	199/4	199/4	0.25	3/16	3/16	Chord	4/4	1	1	1/16		1/16	1	204								
14	13	50	50	1.0	1/4	1/4	Chord	4/4	1	1	1/4		1/4	1	205								
14	13	51	51	0.5	1/2	1/2	Chord	4/4	1	1	1/8		1/8	1	206								
14	13	103/2	103/2	0.25	5/8	5/8	Chord	4/4	1	1	1/16		1/16	1	207								
14	13	207/4	207/4	0.25	11/16	11/16	Chord	4/4	1	1	1/16		1/16	1	208								
14	13	52	52	0.5	3/4	3/4	Chord	4/4	1	1	1/8		1/8	1	209								
14	13	105/2	105/2	0.25	7/8	7/8	Chord	4/4	1	1	1/16		1/16	1	210								
14	13	211/4	211/4	0.25	15/16	15/16	Chord	4/4	1	1	1/16		1/16	1	211								
14	13	49	49	0.5	0	0	Chord	4/4	2	1	1/8		1/8	1	212								
14	13	99/2	99/2	0.5	1/8	1/8	Chord	4/4	2	1	1/8		1/8	1	213								
14	13	50	50	0.5	1/4	1/4	Chord	4/4	2	1	1/8		1/8	1	214								
14	13	101/2	101/2	0.5	3/8	3/8	Chord	4/4	2	1	1/8		1/8	1	215								
14	13	51	51	0.5	1/2	1/2	Chord	4/4	2	1	1/8		1/8	1	216								
14	13	103/2	103/2	0.5	5/8	5/8	Chord	4/4	2	1	1/8		1/8	1	217								
14	13	52	52	0.5	3/4	3/4	Chord	4/4	2	1	1/8		1/8	1	218								
14	13	105/2	105/2	0.5	7/8	7/8	Chord	4/4	2	1	1/8		1/8	1	219								
15	14	53	53	0.75	0	0	Chord	4/4	1	1	3/16		1/8	3/2	220								10
15	14	215/4	215/4	0.25	3/16	3/16	Chord	4/4	1	1	1/16		1/16	1	221								
15	14	54	54	2.0	1/4	1/4	Chord	4/4	1	1	1/2		1/2	1	222								
15	14	56	56	1.0	3/4	3/4	Chord	4/4	1	1	1/4		1/4	1	223								
15	14	53	53	0.5	0	0	Chord	4/4	2	1	1/8		1/8	1	224								
15	14	107/2	107/2	0.5	1/8	1/8	Chord	4/4	2	1	1/8		1/8	1	225								
15	14	54	54	0.5	1/4	1/4	Chord	4/4	2	1	1/8		1/8	1	226								
15	14	109/2	109/2	0.5	3/8	3/8	Chord	4/4	2	1	1/8		1/8	1	227								
15	14	55	55	0.5	1/2	1/2	Chord	4/4	2	1	1/8		1/8	1	228								
15	14	111/2	111/2	0.5	5/8	5/8	Chord	4/4	2	1	1/8		1/8	1	229								
15	14	56	56	0.5	3/4	3/4	Chord	4/4	2	1	1/8		1/8	1	230								
15	14	113/2	113/2	0.5	7/8	7/8	Chord	4/4	2	1	1/8		1/8	1	231								
16	15	57	57	0.25	0	0	Chord	4/4	1	1	1/16		1/16	1	232								
16	15	229/4	229/4	0.25	1/16	1/16	Chord	4/4	1	1	1/16		1/16	1	233								
16	15	115/2	115/2	0.25	1/8	1/8	Chord	4/4	1	1	1/16		1/16	1	234								
16	15	231/4	231/4	0.25	3/16	3/16	Chord	4/4	1	1	1/16		1/16	1	235								
16	15	58	58	0.25	1/4	1/4	Chord	4/4	1	1	1/16		1/16	1	236								
16	15	233/4	233/4	0.25	5/16	5/16	Chord	4/4	1	1	1/16		1/16	1	237								
16	15	117/2	117/2	0.25	3/8	3/8	Chord	4/4	1	1	1/16		1/16	1	238								
16	15	235/4	235/4	0.25	7/16	7/16	Chord	4/4	1	1	1/16		1/16	1	239								
16	15	59	59	0.25	1/2	1/2	Chord	4/4	1	1	1/16		1/16	1	240								
16	15	237/4	237/4	0.25	9/16	9/16	Chord	4/4	1	1	1/16		1/16	1	241								
16	15	119/2	119/2	0.25	5/8	5/8	Chord	4/4	1	1	1/16		1/16	1	242								
16	15	239/4	239/4	0.25	11/16	11/16	Chord	4/4	1	1	1/16		1/16	1	243								
16	15	60	60	0.5	3/4	3/4	Chord	4/4	1	1	1/8		1/8	1	244								
16	15	243/4	243/4	0.25	15/16	15/16	Chord	4/4	1	1	1/16		1/16	1	245								
16	15	57	57	1.0	0	0	Chord	4/4	2	1	1/4		1/4	1	246								
16	15	60	60	1.0	3/4	3/4	Chord	4/4	2	1	1/4		1/4	1	247								
16	15	60	60	1.0	3/4	3/4	Chord	4/4	2	2	1/4		1/4	1	248								
17	16	61	61	0.25	0	0	Chord	4/4	1	1	1/16		1/16	1	249								
17	16	245/4	245/4	0.25	1/16	1/16	Chord	4/4	1	1	1/16		1/16	1	250								
17	16	123/2	123/2	0.25	1/8	1/8	Chord	4/4	1	1	1/16		1/16	1	251								
17	16	247/4	247/4	0.25	3/16	3/16	Chord	4/4	1	1	1/16		1/16	1	252								
17	16	62	62	1.0	1/4	1/4	Chord	4/4	1	1	1/4		1/4	1	253								
17	16	61	61	1.0	0	0	Chord	4/4	2	1	1/4		1/4	1	254								
17	16	62	62	0.25	1/4	1/4	Chord	4/4	2	1	1/16		1/16	1	255								
17	16	249/4	249/4	0.25	5/16	5/16	Chord	4/4	2	1	1/16		1/16	1	256								
17	16	125/2	125/2	0.25	3/8	3/8	Chord	4/4	2	1	1/16		1/16	1	257								
17	16	251/4	251/4	0.25	7/16	7/16	Chord	4/4	2	1	1/16		1/16	1	258								
17	16	63	63	0.25	1/2	1/2	Chord	4/4	2	1	1/16		1/16	1	259								
17	16	253/4	253/4	0.25	9/16	9/16	Chord	4/4	2	1	1/16		1/16	1	260								
17	16	127/2	127/2	0.25	5/8	5/8	Chord	4/4	2	1	1/16		1/16	1	261								
17	16	255/4	255/4	0.25	11/16	11/16	Chord	4/4	2	1	1/16		1/16	1	262								
17	16	64	64	0.25	3/4	3/4	Chord	4/4	2	1	1/16		1/16	1	263								
17	16	257/4	257/4	0.25	13/16	13/16	Chord	4/4	2	1	1/16		1/16	1	264								
17	16	129/2	129/2	0.25	7/8	7/8	Chord	4/4	2	1	1/16		1/16	1	265								
17	16	259/4	259/4	0.25	15/16	15/16	Chord	4/4	2	1	1/16		1/16	1	266								
18	17	131/2	131/2	0.0	1/8	1/8	Chord	4/4	1	1	0	grace16	1/16	1	267								
18	17	131/2	131/2	0.25	1/8	1/8	Chord	4/4	1	1	1/16		1/16	1	268								
18	17	263/4	263/4	0.25	3/16	3/16	Chord	4/4	1	1	1/16		1/16	1	269								
18	17	66	66	0.25	1/4	1/4	Chord	4/4	1	1	1/16		1/16	1	270								
18	17	265/4	265/4	0.25	5/16	5/16	Chord	4/4	1	1	1/16		1/16	1	271								
18	17	133/2	133/2	0.25	3/8	3/8	Chord	4/4	1	1	1/16		1/16	1	272								
18	17	267/4	267/4	0.25	7/16	7/16	Chord	4/4	1	1	1/16		1/16	1	273								
18	17	67	67	0.25	1/2	1/2	Chord	4/4	1	1	1/16		1/16	1	274								
18	17	269/4	269/4	0.25	9/16	9/16	Chord	4/4	1	1	1/16		1/16	1	275								
18	17	135/2	135/2	0.25	5/8	5/8	Chord	4/4	1	1	1/16		1/16	1	276								
18	17	271/4	271/4	0.25	11/16	11/16	Chord	4/4	1	1	1/16		1/16	1	277								
18	17	68	68	0.0	3/4	3/4	Chord	4/4	1	1	0	grace16	1/16	1	278								
18	17	68	68	0.5	3/4	3/4	Chord	4/4	1	1	1/8		1/8	1	279								
18	17	137/2	137/2	0.25	7/8	7/8	Chord	4/4	1	1	1/16		1/16	1	280								
18	17	275/4	275/4	0.25	15/16	15/16	Chord	4/4	1	1	1/16		1/16	1	281								
18	17	65	65	1.0	0	0	Chord	4/4	2	1	1/4		1/4	1	282								
18	17	68	68	1.0	3/4	3/4	Chord	4/4	2	1	1/4		1/4	1	283								
18	17	68	68	1.0	3/4	3/4	Chord	4/4	2	2	1/4		1/4	1	284								
19	18	69	69	0.25	0	0	Chord	4/4	1	1	1/16		1/16	1	285								
19	18	277/4	277/4	0.25	1/16	1/16	Chord	4/4	1	1	1/16		1/16	1	286								
19	18	139/2	139/2	0.25	1/8	1/8	Chord	4/4	1	1	1/16		1/16	1	287								
19	18	279/4	279/4	0.25	3/16	3/16	Chord	4/4	1	1	1/16		1/16	1	288								
19	18	70	70	0.25	1/4	1/4	Chord	4/4	1	1	1/16		1/16	1	289								
19	18	281/4	281/4	0.25	5/16	5/16	Chord	4/4	1	1	1/16		1/16	1	290								
19	18	141/2	141/2	0.25	3/8	3/8	Chord	4/4	1	1	1/16		1/16	1	291								
19	18	283/4	283/4	0.25	7/16	7/16	Chord	4/4	1	1	1/16		1/16	1	292								
19	18	71	71	0.25	1/2	1/2	Chord	4/4	1	1	1/16		1/16	1	293								
19	18	285/4	285/4	0.25	9/16	9/16	Chord	4/4	1	1	1/16		1/16	1	294								
19	18	143/2	143/2	0.25	5/8	5/8	Chord	4/4	1	1	1/16		1/16	1	295								
19	18	287/4	287/4	0.25	11/16	11/16	Chord	4/4	1	1	1/16		1/16	1	296								
19	18	72	72	0.25	3/4	3/4	Chord	4/4	1	1	1/16		1/16	1	297								
19	18	289/4	289/4	0.25	13/16	13/16	Chord	4/4	1	1	1/16		1/16	1	298								
19	18	145/2	145/2	0.25	7/8	7/8	Chord	4/4	1	1	1/16		1/16	1	299								
19	18	291/4	291/4	0.25	15/16	15/16	Chord	4/4	1	1	1/16		1/16	1	300								
19	18	69	69	1.0	0	0	Chord	4/4	2	1	1/4		1/4	1	301								
19	18	70	70	0.5	1/4	1/4	Chord	4/4	2	1	1/8		1/8	1	302								
19	18	141/2	141/2	0.5	3/8	3/8	Chord	4/4	2	1	1/8		1/8	1	303								
19	18	71	71	0.5	1/2	1/2	Chord	4/4	2	1	1/8		1/8	1	304								
19	18	143/2	143/2	0.5	5/8	5/8	Chord	4/4	2	1	1/8		1/8	1	305								
19	18	72	72	0.5	3/4	3/4	Chord	4/4	2	1	1/8		1/8	1	306								
19	18	145/2	145/2	0.5	7/8	7/8	Chord	4/4	2	1	1/8		1/8	1	307								
20	19	147/2	147/2	0.25	1/8	1/8	Chord	4/4	1	1	1/16		1/16	1	308								
20	19	295/4	295/4	0.25	3/16	3/16	Chord	4/4	1	1	1/16		1/16	1	309								
20	19	74	74	0.25	1/4	1/4	Chord	4/4	1	1	1/16		1/16	1	310								
20	19	297/4	297/4	0.25	5/16	5/16	Chord	4/4	1	1	1/16		1/16	1	311								
20	19	149/2	149/2	0.25	3/8	3/8	Chord	4/4	1	1	1/16		1/16	1	312								
20	19	299/4	299/4	0.25	7/16	7/16	Chord	4/4	1	1	1/16		1/16	1	313								
20	19	75	75	0.25	1/2	1/2	Chord	4/4	1	1	1/16		1/16	1	314								
20	19	301/4	301/4	0.25	9/16	9/16	Chord	4/4	1	1	1/16		1/16	1	315								
20	19	151/2	151/2	0.25	5/8	5/8	Chord	4/4	1	1	1/16		1/16	1	316								
20	19	303/4	303/4	0.25	11/16	11/16	Chord	4/4	1	1	1/16		1/16	1	317								
20	19	76	76	0.0	3/4	3/4	Chord	4/4	1	1	0	grace16	1/16	1	318								
20	19	76	76	0.5	3/4	3/4	Chord	4/4	1	1	1/8		1/8	1	319								
20	19	153/2	153/2	0.25	7/8	7/8	Chord	4/4	1	1	1/16		1/16	1	320								
20	19	307/4	307/4	0.25	15/16	15/16	Chord	4/4	1	1	1/16		1/16	1	321								
20	19	73	73	1.0	0	0	Chord	4/4	2	1	1/4		1/4	1	322								
20	19	76	76	1.0	3/4	3/4	Chord	4/4	2	1	1/4		1/4	1	323								
20	19	73	73	1.0	0	0	Chord	4/4	2	2	1/4		1/4	1	324								
20	19	76	76	1.0	3/4	3/4	Chord	4/4	2	2	1/4		1/4	1	325								
21	20	77	77	0.25	0	0	Chord	4/4	1	1	1/16		1/16	1	326								
21	20	309/4	309/4	0.25	1/16	1/16	Chord	4/4	1	1	1/16		1/16	1	327								
21	20	155/2	155/2	0.25	1/8	1/8	Chord	4/4	1	1	1/16		1/16	1	328								
21	20	311/4	311/4	0.25	3/16	3/16	Chord	4/4	1	1	1/16		1/16	1	329								
21	20	78	78	0.25	1/4	1/4	Chord	4/4	1	1	1/16		1/16	1	330								
21	20	313/4	313/4	0.25	5/16	5/16	Chord	4/4	1	1	1/16		1/16	1	331								
21	20	157/2	157/2	0.25	3/8	3/8	Chord	4/4	1	1	1/16		1/16	1	332								
21	20	315/4	315/4	0.25	7/16	7/16	Chord	4/4	1	1	1/16		1/16	1	333								
21	20	79	79	0.25	1/2	1/2	Chord	4/4	1	1	1/16		1/16	1	334								
21	20	317/4	317/4	0.25	9/16	9/16	Chord	4/4	1	1	1/16		1/16	1	335								
21	20	159/2	159/2	0.25	5/8	5/8	Chord	4/4	1	1	1/16		1/16	1	336								
21	20	319/4	319/4	0.25	11/16	11/16	Chord	4/4	1	1	1/16		1/16	1	337								
21	20	80	80	0.25	3/4	3/4	Chord	4/4	1	1	1/16		1/16	1	338								
21	20	321/4	321/4	0.25	13/16	13/16	Chord	4/4	1	1	1/16		1/16	1	339								
21	20	161/2	161/2	0.25	7/8	7/8	Chord	4/4	1	1	1/16		1/16	1	340								
21	20	323/4	323/4	0.25	15/16	15/16	Chord	4/4	1	1	1/16		1/16	1	341								
21	20	77	77	1.0	0	0	Chord	4/4	2	1	1/4		1/4	1	342								
21	20	78	78	0.5	1/4	1/4	Chord	4/4	2	1	1/8		1/8	1	343								
21	20	157/2	157/2	0.5	3/8	3/8	Chord	4/4	2	1	1/8		1/8	1	344								
21	20	79	79	0.5	1/2	1/2	Chord	4/4	2	1	1/8		1/8	1	345								
21	20	159/2	159/2	0.5	5/8	5/8	Chord	4/4	2	1	1/8		1/8	1	346								
21	20	80	80	0.5	3/4	3/4	Chord	4/4	2	1	1/8		1/8	1	347								
21	20	161/2	161/2	0.5	7/8	7/8	Chord	4/4	2	1	1/8		1/8	1	348								
22	21	81	81	1.0	0	0	Chord	4/4	1	1	1/4		1/4	1	349								
22	21	329/4	329/4	0.25	5/16	5/16	Chord	4/4	1	1	1/16		1/16	1	350								
22	21	165/2	165/2	0.25	3/8	3/8	Chord	4/4	1	1	1/16		1/16	1	351								
22	21	331/4	331/4	0.25	7/16	7/16	Chord	4/4	1	1	1/16		1/16	1	352								
22	21	83	83	0.25	1/2	1/2	Chord	4/4	1	1	1/16		1/16	1	353								
22	21	333/4	333/4	0.25	9/16	9/16	Chord	4/4	1	1	1/16		1/16	1	354								
22	21	167/2	167/2	0.25	5/8	5/8	Chord	4/4	1	1	1/16		1/16	1	355								
22	21	335/4	335/4	0.25	11/16	11/16	Chord	4/4	1	1	1/16		1/16	1	356								
22	21	84	84	0.25	3/4	3/4	Chord	4/4	1	1	1/16		1/16	1	357								
22	21	337/4	337/4	0.25	13/16	13/16	Chord	4/4	1	1	1/16		1/16	1	358								
22	21	169/2	169/2	0.25	7/8	7/8	Chord	4/4	1	1	1/16		1/16	1	359								
22	21	339/4	339/4	0.25	15/16	15/16	Chord	4/4	1	1	1/16		1/16	1	360								
22	21	325/4	325/4	0.25	1/16	1/16	Chord	4/4	2	1	1/16		1/16	1	361								
22	21	163/2	163/2	0.25	1/8	1/8	Chord	4/4	2	1	1/16		1/16	1	362								
22	21	327/4	327/4	0.25	3/16	3/16	Chord	4/4	2	1	1/16		1/16	1	363								
22	21	82	82	1.0	1/4	1/4	Chord	4/4	2	1	1/4		1/4	1	364								
23	22	85	85	1.0	0	0	Chord	4/4	1	1	1/4		1/4	1	365								
23	22	345/4	345/4	0.25	5/16	5/16	Chord	4/4	1	1	1/16		1/16	1	366								
23	22	173/2	173/2	0.25	3/8	3/8	Chord	4/4	1	1	1/16		1/16	1	367								
23	22	347/4	347/4	0.25	7/16	7/16	Chord	4/4	1	1	1/16		1/16	1	368								
23	22	87	87	0.25	1/2	1/2	Chord	4/4	1	1	1/16		1/16	1	369								
23	22	349/4	349/4	0.25	9/16	9/16	Chord	4/4	1	1	1/16		1/16	1	370								
23	22	175/2	175/2	0.25	5/8	5/8	Chord	4/4	1	1	1/16		1/16	1	371								
23	22	351/4	351/4	0.25	11/16	11/16	Chord	4/4	1	1	1/16		1/16	1	372								
23	22	88	88	0.25	3/4	3/4	Chord	4/4	1	1	1/16		1/16	1	373								
23	22	353/4	353/4	0.25	13/16	13/16	Chord	4/4	1	1	1/16		1/16	1	374								
23	22	177/2	177/2	0.25	7/8	7/8	Chord	4/4	1	1	1/16		1/16	1	375								
23	22	355/4	355/4	0.25	15/16	15/16	Chord	4/4	1	1	1/16		1/16	1	376								
23	22	85	85	1.0	0	0	Chord	4/4	1	2	1/4		1/4	1	377								
23	22	341/4	341/4	0.25	1/16	1/16	Chord	4/4	2	1	1/16		1/16	1	378								
23	22	171/2	171/2	0.25	1/8	1/8	Chord	4/4	2	1	1/16		1/16	1	379								
23	22	343/4	343/4	0.25	3/16	3/16	Chord	4/4	2	1	1/16		1/16	1	380								
23	22	86	86	1.0	1/4	1/4	Chord	4/4	2	1	1/4		1/4	1	381								
24	23	89	89	1.0	0	0	Chord	4/4	1	1	1/4		1/4	1	382								
24	23	90	90	0.0	1/4	1/4	Dynamic	4/4	1	1	0					p							
24	23	90	90	0.75	1/4	1/4	Chord	4/4	1	1	3/16		1/8	3/2	383								
24	23	363/4	363/4	0.125	7/16	7/16	Chord	4/4	1	1	1/32		1/32	1	384								
24	23	727/8	727/8	0.125	15/32	15/32	Chord	4/4	1	1	1/32		1/32	1	385								
24	23	91	91	0.5	1/2	1/2	Chord	4/4	1	1	1/8		1/8	1	386								
24	23	92	92	0.75	3/4	3/4	Chord	4/4	1	1	3/16		1/8	3/2	387								
24	23	371/4	371/4	0.125	15/16	15/16	Chord	4/4	1	1	1/32		1/32	1	388								
24	23	743/8	743/8	0.125	31/32	31/32	Chord	4/4	1	1	1/32		1/32	1	389								
24	23	89	89	0.25	0	0	Chord	4/4	2	1	1/16		1/16	1	390								
24	23	357/4	357/4	0.25	1/16	1/16	Chord	4/4	2	1	1/16		1/16	1	391								
24	23	179/2	179/2	0.25	1/8	1/8	Chord	4/4	2	1	1/16		1/16	1	392								
24	23	359/4	359/4	0.25	3/16	3/16	Chord	4/4	2	1	1/16		1/16	1	393								
24	23	90	90	0.25	1/4	1/4	Chord	4/4	2	1	1/16		1/16	1	394								
24	23	361/4	361/4	0.25	5/16	5/16	Chord	4/4	2	1	1/16		1/16	1	395								
24	23	181/2	181/2	0.25	3/8	3/8	Chord	4/4	2	1	1/16		1/16	1	396								
24	23	363/4	363/4	0.25	7/16	7/16	Chord	4/4	2	1	1/16		1/16	1	397								
24	23	91	91	0.25	1/2	1/2	Chord	4/4	2	1	1/16		1/16	1	398								
24	23	365/4	365/4	0.25	9/16	9/16	Chord	4/4	2	1	1/16		1/16	1	399								
24	23	183/2	183/2	0.25	5/8	5/8	Chord	4/4	2	1	1/16		1/16	1	400								
24	23	367/4	367/4	0.25	11/16	11/16	Chord	4/4	2	1	1/16		1/16	1	401								
24	23	92	92	0.25	3/4	3/4	Chord	4/4	2	1	1/16		1/16	1	402								
24	23	369/4	369/4	0.25	13/16	13/16	Chord	4/4	2	1	1/16		1/16	1	403								
24	23	185/2	185/2	0.25	7/8	7/8	Chord	4/4	2	1	1/16		1/16	1	404								
24	23	371/4	371/4	0.25	15/16	15/16	Chord	4/4	2	1	1/16		1/16	1	405								
25	24	93	93	0.5	0	0	Chord	4/4	1	1	1/8		1/8	1	406								
25	24	94	94	0.75	1/4	1/4	Chord	4/4	1	1	3/16		1/8	3/2	407								
25	24	379/4	379/4	0.125	7/16	7/16	Chord	4/4	1	1	1/32		1/32	1	408								
25	24	759/8	759/8	0.125	15/32	15/32	Chord	4/4	1	1	1/32		1/32	1	409								
25	24	95	95	0.5	1/2	1/2	Chord	4/4	1	1	1/8		1/8	1	410								
25	24	96	96	0.75	3/4	3/4	Chord	4/4	1	1	3/16		1/8	3/2	411								
25	24	387/4	387/4	0.125	15/16	15/16	Chord	4/4	1	1	1/32		1/32	1	412								
25	24	775/8	775/8	0.125	31/32	31/32	Chord	4/4	1	1	1/32		1/32	1	413								
25	24	93	93	0.25	0	0	Chord	4/4	2	1	1/16		1/16	1	414								
25	24	373/4	373/4	0.25	1/16	1/16	Chord	4/4	2	1	1/16		1/16	1	415								
25	24	187/2	187/2	0.25	1/8	1/8	Chord	4/4	2	1	1/16		1/16	1	416								
25	24	375/4	375/4	0.25	3/16	3/16	Chord	4/4	2	1	1/16		1/16	1	417								
25	24	94	94	0.25	1/4	1/4	Chord	4/4	2	1	1/16		1/16	1	418								
25	24	377/4	377/4	0.25	5/16	5/16	Chord	4/4	2	1	1/16		1/16	1	419								
25	24	189/2	189/2	0.25	3/8	3/8	Chord	4/4	2	1	1/16		1/16	1	420								
25	24	379/4	379/4	0.25	7/16	7/16	Chord	4/4	2	1	1/16		1/16	1	421								
25	24	95	95	0.25	1/2	1/2	Chord	4/4	2	1	1/16		1/16	1	422								
25	24	381/4	381/4	0.25	9/16	9/16	Chord	4/4	2	1	1/16		1/16	1	423								
25	24	191/2	191/2	0.25	5/8	5/8	Chord	4/4	2	1	1/16		1/16	1	424								
25	24	383/4	383/4	0.25	11/16	11/16	Chord	4/4	2	1	1/16		1/16	1	425								
25	24	96	96	0.25	3/4	3/4	Chord	4/4	2	1	1/16		1/16	1	426								
25	24	385/4	385/4	0.25	13/16	13/16	Chord	4/4	2	1	1/16		1/16	1	427								
25	24	193/2	193/2	0.25	7/8	7/8	Chord	4/4	2	1	1/16		1/16	1	428								
25	24	387/4	387/4	0.25	15/16	15/16	Chord	4/4	2	1	1/16		1/16	1	429								
26	25	97	97	0.25	0	0	Chord	4/4	1	1	1/16		1/16	1	430								
26	25	389/4	389/4	0.25	1/16	1/16	Chord	4/4	1	1	1/16		1/16	1	431								
26	25	195/2	195/2	0.25	1/8	1/8	Chord	4/4	1	1	1/16		1/16	1	432								
26	25	391/4	391/4	0.25	3/16	3/16	Chord	4/4	1	1	1/16		1/16	1	433								
26	25	98	98	0.25	1/4	1/4	Chord	4/4	1	1	1/16		1/16	1	434								
26	25	393/4	393/4	0.25	5/16	5/16	Chord	4/4	1	1	1/16		1/16	1	435								
26	25	197/2	197/2	0.25	3/8	3/8	Chord	4/4	1	1	1/16		1/16	1	436								
26	25	395/4	395/4	0.25	7/16	7/16	Chord	4/4	1	1	1/16		1/16	1	437								
26	25	99	99	0.25	1/2	1/2	Chord	4/4	1	1	1/16		1/16	1	438								
26	25	397/4	397/4	0.25	9/16	9/16	Chord	4/4	1	1	1/16		1/16	1	439								
26	25	199/2	199/2	0.25	5/8	5/8	Chord	4/4	1	1	1/16		1/16	1	440								
26	25	399/4	399/4	0.25	11/16	11/16	Chord	4/4	1	1	1/16		1/16	1	441								
26	25	100	100	0.25	3/4	3/4	Chord	4/4	1	1	1/16		1/16	1	442								
26	25	401/4	401/4	0.25	13/16	13/16	Chord	4/4	1	1	1/16		1/16	1	443								
26	25	201/2	201/2	0.25	7/8	7/8	Chord	4/4	1	1	1/16		1/16	1	444								
26	25	403/4	403/4	0.25	15/16	15/16	Chord	4/4	1	1	1/16		1/16	1	445								
26	25	97	97	1.0	0	0	Chord	4/4	2	1	1/4		1/4	1	446								
27	26	101	101	0.0	0	0	Dynamic	4/4	1	1	0					f							
27	26	101	101	2.0	0	0	Chord	4/4	1	1	1/2		1/2	1	447								
27	26	103	103	2.0	1/2	1/2	Chord	4/4	1	1	1/2		1/2	1	448		ornamentTrill						
27	26	101	101	0.5	0	0	Chord	4/4	2	1	1/8		1/8	1	449								
27	26	203/2	203/2	0.5	1/8	1/8	Chord	4/4	2	1	1/8		1/8	1	450								
27	26	102	102	0.5	1/4	1/4	Chord	4/4	2	1	1/8		1/8	1	451								
27	26	205/2	205/2	0.5	3/8	3/8	Chord	4/4	2	1	1/8		1/8	1	452								
27	26	103	103	0.5	1/2	1/2	Chord	4/4	2	1	1/8		1/8	1	453								
27	26	207/2	207/2	0.5	5/8	5/8	Chord	4/4	2	1	1/8		1/8	1	454								
27	26	104	104	0.5	3/4	3/4	Chord	4/4	2	1	1/8		1/8	1	455								
27	26	209/2	209/2	0.5	7/8	7/8	Chord	4/4	2	1	1/8		1/8	1	456								
28	27	105	105	0.5	0	0	Chord	4/4	1	1	1/8		1/8	1	457								
28	27	211/2	211/2	0.25	1/8	1/8	Chord	4/4	1	1	1/16		1/16	1	458								
28	27	423/4	423/4	0.25	3/16	3/16	Chord	4/4	1	1	1/16		1/16	1	459								
28	27	106	106	0.5	1/4	1/4	Chord	4/4	1	1	1/8		1/8	1	460								
28	27	213/2	213/2	0.5	3/8	3/8	Chord	4/4	1	1	1/8		1/8	1	461								
28	27	107	107	1.0	1/2	1/2	Chord	4/4	1	1	1/4		1/4	1	462								
28	27	108	108	0.0	3/4	3/4	Chord	4/4	1	1	0	grace16	1/16	1	463								
28	27	108	108	0.5	3/4	3/4	Chord	4/4	1	1	1/8		1/8	1	464								
28	27	217/2	217/2	0.25	7/8	7/8	Chord	4/4	1	1	1/16		1/16	1	465								
28	27	435/4	435/4	0.25	15/16	15/16	Chord	4/4	1	1	1/16		1/16	1	466								
28	27	105	105	1.0	0	0	Chord	4/4	2	1	1/4		1/4	1	467								
28	27	215/2	215/2	0.5	5/8	5/8	Chord	4/4	2	1	1/8		1/8	1	468								
28	27	108	108	0.0	3/4	3/4	Dynamic	4/4	2	1	0					p							
28	27	108	108	0.5	3/4	3/4	Chord	4/4	2	1	1/8		1/8	1	469								
28	27	217/2	217/2	0.5	7/8	7/8	Chord	4/4	2	1	1/8		1/8	1	470								
28	27	105	105	1.0	0	0	Chord	4/4	2	2	1/4		1/4	1	471								
29	28	109	109	1.0	0	0	Chord	4/4	1	1	1/4		1/4	1	472								
29	28	110	110	1.0	1/4	1/4	Chord	4/4	1	1	1/4		1/4	1	473								
29	28	111	111	0.0	1/2	1/2	Chord	4/4	1	1	0	grace16	1/16	1	474								
29	28	111	111	1.0	1/2	1/2	Chord	4/4	1	1	1/4		1/4	1	475								
29	28	112	112	0.25	3/4	3/4	Chord	4/4	1	1	1/16		1/16	1	476								
29	28	449/4	449/4	0.75	13/16	13/16	Chord	4/4	1	1	3/16		1/8	3/2	477								
29	28	109	109	0.5	0	0	Chord	4/4	2	1	1/8		1/8	1	478								11
29	28	219/2	219/2	0.5	1/8	1/8	Chord	4/4	2	1	1/8		1/8	1	479								
29	28	110	110	0.5	1/4	1/4	Chord	4/4	2	1	1/8		1/8	1	480								12
29	28	221/2	221/2	0.5	3/8	3/8	Chord	4/4	2	1	1/8		1/8	1	481								
29	28	111	111	0.5	1/2	1/2	Chord	4/4	2	1	1/8		1/8	1	482								13
29	28	223/2	223/2	0.5	5/8	5/8	Chord	4/4	2	1	1/8		1/8	1	483								
29	28	112	112	0.5	3/4	3/4	Chord	4/4	2	1	1/8		1/8	1	484								14
29	28	225/2	225/2	0.5	7/8	7/8	Chord	4/4	2	1	1/8		1/8	1	485								
30	29	113	113	0.0	0	0	Dynamic	4/4	1	1	0					f							
30	29	113	113	0.5	0	0	Chord	4/4	1	1	1/8		1/8	1	486								
30	29	227/2	227/2	0.25	1/8	1/8	Chord	4/4	1	1	1/16		1/16	1	487								
30	29	455/4	455/4	0.25	3/16	3/16	Chord	4/4	1	1	1/16		1/16	1	488								
30	29	114	114	0.5	1/4	1/4	Chord	4/4	1	1	1/8		1/8	1	489								
30	29	229/2	229/2	0.5	3/8	3/8	Chord	4/4	1	1	1/8		1/8	1	490								
30	29	115	115	1.0	1/2	1/2	Chord	4/4	1	1	1/4		1/4	1	491								
30	29	116	116	0.0	3/4	3/4	Dynamic	4/4	1	1	0					p							
30	29	116	116	0.0	3/4	3/4	Chord	4/4	1	1	0	grace16	1/16	1	492								
30	29	116	116	0.5	3/4	3/4	Chord	4/4	1	1	1/8		1/8	1	493								
30	29	233/2	233/2	0.25	7/8	7/8	Chord	4/4	1	1	1/16		1/16	1	494								
30	29	467/4	467/4	0.25	15/16	15/16	Chord	4/4	1	1	1/16		1/16	1	495								
30	29	113	113	1.0	0	0	Chord	4/4	2	1	1/4		1/4	1	496								
30	29	231/2	231/2	0.5	5/8	5/8	Chord	4/4	2	1	1/8		1/8	1	497								
30	29	116	116	0.5	3/4	3/4	Chord	4/4	2	1	1/8		1/8	1	498								
30	29	233/2	233/2	0.5	7/8	7/8	Chord	4/4	2	1	1/8		1/8	1	499								
31	30	117	117	1.0	0	0	Chord	4/4	1	1	1/4		1/4	1	500								
31	30	118	118	1.0	1/4	1/4	Chord	4/4	1	1	1/4		1/4	1	501								
31	30	119	119	0.0	1/2	1/2	Chord	4/4	1	1	0	grace16	1/16	1	502								
31	30	119	119	1.0	1/2	1/2	Chord	4/4	1	1	1/4		1/4	1	503								
31	30	120	120	0.25	3/4	3/4	Chord	4/4	1	1	1/16		1/16	1	504								
31	30	481/4	481/4	0.75	13/16	13/16	Chord	4/4	1	1	3/16		1/8	3/2	505								
31	30	117	117	0.5	0	0	Chord	4/4	2	1	1/8		1/8	1	506								
31	30	235/2	235/2	0.5	1/8	1/8	Chord	4/4	2	1	1/8		1/8	1	507								
31	30	118	118	0.5	1/4	1/4	Chord	4/4	2	1	1/8		1/8	1	508								
31	30	237/2	237/2	0.5	3/8	3/8	Chord	4/4	2	1	1/8		1/8	1	509								
31	30	119	119	0.5	1/2	1/2	Chord	4/4	2	1	1/8		1/8	1	510								
31	30	239/2	239/2	0.5	5/8	5/8	Chord	4/4	2	1	1/8		1/8	1	511								
31	30	120	120	0.5	3/4	3/4	Chord	4/4	2	1	1/8		1/8	1	512								
31	30	241/2	241/2	0.5	7/8	7/8	Chord	4/4	2	1	1/8		1/8	1	513								
32	31	121	121	0.5	0	0	Chord	4/4	1	1	1/8		1/8	1	514								
32	31	487/4	487/4	0.25	3/16	3/16	Chord	4/4	1	1	1/16		1/16	1	515								
32	31	489/4	489/4	0.25	5/16	5/16	Chord	4/4	1	1	1/16		1/16	1	516								
32	31	491/4	491/4	0.25	7/16	7/16	Chord	4/4	1	1	1/16		1/16	1	517								
32	31	493/4	493/4	0.25	9/16	9/16	Chord	4/4	1	1	1/16		1/16	1	518								
32	31	495/4	495/4	0.25	11/16	11/16	Chord	4/4	1	1	1/16		1/16	1	519								
32	31	497/4	497/4	0.25	13/16	13/16	Chord	4/4	1	1	1/16		1/16	1	520								
32	31	499/4	499/4	0.25	15/16	15/16	Chord	4/4	1	1	1/16		1/16	1	521								
32	31	121	121	0.5	0	0	Chord	4/4	2	1	1/8		1/8	1	522								
32	31	243/2	243/2	0.5	1/8	1/8	Chord	4/4	2	1	1/8		1/8	1	523								
32	31	122	122	0.5	1/4	1/4	Chord	4/4	2	1	1/8		1/8	1	524								
32	31	245/2	245/2	0.5	3/8	3/8	Chord	4/4	2	1	1/8		1/8	1	525								
32	31	123	123	0.5	1/2	1/2	Chord	4/4	2	1	1/8		1/8	1	526								
32	31	247/2	247/2	0.5	5/8	5/8	Chord	4/4	2	1	1/8		1/8	1	527								
32	31	124	124	0.5	3/4	3/4	Chord	4/4	2	1	1/8		1/8	1	528								
32	31	249/2	249/2	0.5	7/8	7/8	Chord	4/4	2	1	1/8		1/8	1	529								
33	32	125	125	2.0	0	0	Chord	4/4	1	1	1/2		1/2	1	530								15
33	32	127	127	1.0	1/2	1/2	Chord	4/4	1	1	1/4		1/4	1	531								
33	32	125	125	2.0	0	0	Chord	4/4	2	1	1/2		1/2	1	532								16
33	32	127	127	1.0	1/2	1/2	Chord	4/4	2	1	1/4		1/4	1	533								
33	32	125	125	2.0	0	0	Chord	4/4	2	2	1/2		1/2	1	534								17
33	32	127	127	1.0	1/2	1/2	Chord	4/4	2	2	1/4		1/4	1	535								
34	32	128	128	0.0	0	3/4	Dynamic	4/4	1	1	0					f							
34	32	128	128	1.0	0	3/4	Chord	4/4	1	1	1/4		1/4	1	536								
35	33	129	129	0.0	0	0	Chord	4/4	1	1	0	grace16	1/16	1	537								
35	33	129	129	0.5	0	0	Chord	4/4	1	1	1/8		1/8	1	538								
35	33	259/2	259/2	0.25	1/8	1/8	Chord	4/4	1	1	1/16		1/16	1	539								
35	33	519/4	519/4	0.25	3/16	3/16	Chord	4/4	1	1	1/16		1/16	1	540								
35	33	130	130	1.0	1/4	1/4	Chord	4/4	1	1	1/4		1/4	1	541								
35	33	131	131	0.0	1/2	1/2	Dynamic	4/4	1	1	0					p							
35	33	131	131	0.25	1/2	1/2	Chord	4/4	1	1	1/16		1/16	1	542								
35	33	525/4	525/4	0.25	9/16	9/16	Chord	4/4	1	1	1/16		1/16	1	543								
35	33	263/2	263/2	0.25	5/8	5/8	Chord	4/4	1	1	1/16		1/16	1	544								
35	33	527/4	527/4	0.25	11/16	11/16	Chord	4/4	1	1	1/16		1/16	1	545								
35	33	132	132	0.25	3/4	3/4	Chord	4/4	1	1	1/16		1/16	1	546								
35	33	529/4	529/4	0.25	13/16	13/16	Chord	4/4	1	1	1/16		1/16	1	547								
35	33	265/2	265/2	0.25	7/8	7/8	Chord	4/4	1	1	1/16		1/16	1	548								
35	33	531/4	531/4	0.25	15/16	15/16	Chord	4/4	1	1	1/16		1/16	1	549								
35	33	129	129	0.5	0	0	Chord	4/4	2	1	1/8		1/8	1	550								18
35	33	259/2	259/2	0.5	1/8	1/8	Chord	4/4	2	1	1/8		1/8	1	551								18
35	33	130	130	0.5	1/4	1/4	Chord	4/4	2	1	1/8		1/8	1	552								18
35	33	261/2	261/2	0.5	3/8	3/8	Chord	4/4	2	1	1/8		1/8	1	553								
35	33	131	131	0.5	1/2	1/2	Chord	4/4	2	1	1/8		1/8	1	554								19
35	33	263/2	263/2	0.5	5/8	5/8	Chord	4/4	2	1	1/8		1/8	1	555								19
35	33	132	132	0.5	3/4	3/4	Chord	4/4	2	1	1/8		1/8	1	556								19
35	33	265/2	265/2	0.5	7/8	7/8	Chord	4/4	2	1	1/8		1/8	1	557								
36	34	133	133	2.0	0	0	Chord	4/4	1	1	1/2		1/2	1	558								20
36	34	135	135	1.0	1/2	1/2	Chord	4/4	1	1	1/4		1/4	1	559		ornamentTrill						
36	34	273/2	273/2	0.0	7/8	7/8	Dynamic	4/4	1	1	0					f							
36	34	273/2	273/2	0.5	7/8	7/8	Chord	4/4	1	1	1/8		1/8	1	560								
36	34	133	133	0.5	0	0	Chord	4/4	2	1	1/8		1/8	1	561								
36	34	267/2	267/2	0.5	1/8	1/8	Chord	4/4	2	1	1/8		1/8	1	562								
36	34	134	134	0.5	1/4	1/4	Chord	4/4	2	1	1/8		1/8	1	563								
36	34	269/2	269/2	0.5	3/8	3/8	Chord	4/4	2	1	1/8		1/8	1	564								
36	34	135	135	0.5	1/2	1/2	Chord	4/4	2	1	1/8		1/8	1	565								
36	34	271/2	271/2	0.5	5/8	5/8	Chord	4/4	2	1	1/8		1/8	1	566								
36	34	136	136	0.5	3/4	3/4	Chord	4/4	2	1	1/8		1/8	1	567								
36	34	273/2	273/2	0.5	7/8	7/8	Chord	4/4	2	1	1/8		1/8	1	568								
37	35	137	137	0.0	0	0	Chord	4/4	1	1	0	grace16	1/16	1	569								
37	35	137	137	0.5	0	0	Chord	4/4	1	1	1/8		1/8	1	570								
37	35	275/2	275/2	0.25	1/8	1/8	Chord	4/4	1	1	1/16		1/16	1	571								
37	35	551/4	551/4	0.25	3/16	3/16	Chord	4/4	1	1	1/16		1/16	1	572								
37	35	138	138	1.0	1/4	1/4	Chord	4/4	1	1	1/4		1/4	1	573								
37	35	139	139	0.0	1/2	1/2	Dynamic	4/4	1	1	0					p							
37	35	139	139	0.25	1/2	1/2	Chord	4/4	1	1	1/16		1/16	1	574								
37	35	557/4	557/4	0.25	9/16	9/16	Chord	4/4	1	1	1/16		1/16	1	575								
37	35	279/2	279/2	0.25	5/8	5/8	Chord	4/4	1	1	1/16		1/16	1	576								
37	35	559/4	559/4	0.25	11/16	11/16	Chord	4/4	1	1	1/16		1/16	1	577								
37	35	140	140	0.25	3/4	3/4	Chord	4/4	1	1	1/16		1/16	1	578								
37	35	561/4	561/4	0.25	13/16	13/16	Chord	4/4	1	1	1/16		1/16	1	579								
37	35	281/2	281/2	0.25	7/8	7/8	Chord	4/4	1	1	1/16		1/16	1	580								
37	35	563/4	563/4	0.25	15/16	15/16	Chord	4/4	1	1	1/16		1/16	1	581								
37	35	137	137	0.5	0	0	Chord	4/4	2	1	1/8		1/8	1	582								
37	35	275/2	275/2	0.5	1/8	1/8	Chord	4/4	2	1	1/8		1/8	1	583								
37	35	138	138	0.5	1/4	1/4	Chord	4/4	2	1	1/8		1/8	1	584								
37	35	277/2	277/2	0.5	3/8	3/8	Chord	4/4	2	1	1/8		1/8	1	585								
37	35	139	139	0.5	1/2	1/2	Chord	4/4	2	1	1/8		1/8	1	586								
37	35	279/2	279/2	0.5	5/8	5/8	Chord	4/4	2	1	1/8		1/8	1	587								
37	35	140	140	0.5	3/4	3/4	Chord	4/4	2	1	1/8		1/8	1	588								
37	35	281/2	281/2	0.5	7/8	7/8	Chord	4/4	2	1	1/8		1/8	1	589								
38	36	141	141	2.0	0	0	Chord	4/4	1	1	1/2		1/2	1	590								21
38	36	143	143	1.0	1/2	1/2	Chord	4/4	1	1	1/4		1/4	1	591								
38	36	289/2	289/2	0.0	7/8	7/8	Dynamic	4/4	1	1	0					f							
38	36	289/2	289/2	0.5	7/8	7/8	Chord	4/4	1	1	1/8		1/8	1	592								
38	36	141	141	0.5	0	0	Chord	4/4	2	1	1/8		1/8	1	593								
38	36	283/2	283/2	0.5	1/8	1/8	Chord	4/4	2	1	1/8		1/8	1	594								
38	36	142	142	0.5	1/4	1/4	Chord	4/4	2	1	1/8		1/8	1	595								
38	36	285/2	285/2	0.5	3/8	3/8	Chord	4/4	2	1	1/8		1/8	1	596								
38	36	143	143	0.5	1/2	1/2	Chord	4/4	2	1	1/8		1/8	1	597								
38	36	287/2	287/2	0.5	5/8	5/8	Chord	4/4	2	1	1/8		1/8	1	598								
38	36	144	144	0.5	3/4	3/4	Chord	4/4	2	1	1/8		1/8	1	599								
38	36	289/2	289/2	0.5	7/8	7/8	Chord	4/4	2	1	1/8		1/8	1	600								
39	37	145	145	0.0	0	0	Chord	4/4	1	1	0	grace16	1/16	1	601								
39	37	145	145	0.5	0	0	Chord	4/4	1	1	1/8		1/8	1	602								
39	37	291/2	291/2	0.25	1/8	1/8	Chord	4/4	1	1	1/16		1/16	1	603								
39	37	583/4	583/4	0.25	3/16	3/16	Chord	4/4	1	1	1/16		1/16	1	604								
39	37	146	146	1.0	1/4	1/4	Chord	4/4	1	1	1/4		1/4	1	605								
39	37	147	147	0.0	1/2	1/2	Chord	4/4	1	1	0	grace16	1/16	1	606								
39	37	147	147	0.5	1/2	1/2	Chord	4/4	1	1	1/8		1/8	1	607								
39	37	295/2	295/2	0.25	5/8	5/8	Chord	4/4	1	1	1/16		1/16	1	608								
39	37	591/4	591/4	0.25	11/16	11/16	Chord	4/4	1	1	1/16		1/16	1	609								
39	37	148	148	0.0	3/4	3/4	Chord	4/4	1	1	0	grace16	1/16	1	610								
39	37	148	148	0.5	3/4	3/4	Chord	4/4	1	1	1/8		1/8	1	611								
39	37	297/2	297/2	0.25	7/8	7/8	Chord	4/4	1	1	1/16		1/16	1	612								
39	37	595/4	595/4	0.25	15/16	15/16	Chord	4/4	1	1	1/16		1/16	1	613								
39	37	145	145	0.5	0	0	Chord	4/4	2	1	1/8		1/8	1	614								
39	37	291/2	291/2	0.5	1/8	1/8	Chord	4/4	2	1	1/8		1/8	1	615								
39	37	146	146	0.5	1/4	1/4	Chord	4/4	2	1	1/8		1/8	1	616								
39	37	293/2	293/2	0.5	3/8	3/8	Chord	4/4	2	1	1/8		1/8	1	617								
39	37	147	147	0.5	1/2	1/2	Chord	4/4	2	1	1/8		1/8	1	618								
39	37	295/2	295/2	0.5	5/8	5/8	Chord	4/4	2	1	1/8		1/8	1	619								
39	37	148	148	0.5	3/4	3/4	Chord	4/4	2	1	1/8		1/8	1	620								
39	37	297/2	297/2	0.5	7/8	7/8	Chord	4/4	2	1	1/8		1/8	1	621								
40	38	149	149	0.0	0	0	Chord	4/4	1	1	0	grace16	1/16	1	622								
40	38	149	149	0.5	0	0	Chord	4/4	1	1	1/8		1/8	1	623								
40	38	299/2	299/2	0.25	1/8	1/8	Chord	4/4	1	1	1/16		1/16	1	624								
40	38	599/4	599/4	0.25	3/16	3/16	Chord	4/4	1	1	1/16		1/16	1	625								
40	38	150	150	1.0	1/4	1/4	Chord	4/4	1	1	1/4		1/4	1	626								
40	38	151	151	0.0	1/2	1/2	Chord	4/4	1	1	0	grace16	1/16	1	627								
40	38	151	151	0.5	1/2	1/2	Chord	4/4	1	1	1/8		1/8	1	628								
40	38	303/2	303/2	0.25	5/8	5/8	Chord	4/4	1	1	1/16		1/16	1	629								
40	38	607/4	607/4	0.25	11/16	11/16	Chord	4/4	1	1	1/16		1/16	1	630								
40	38	152	152	0.0	3/4	3/4	Chord	4/4	1	1	0	grace16	1/16	1	631								
40	38	152	152	0.5	3/4	3/4	Chord	4/4	1	1	1/8		1/8	1	632								
40	38	305/2	305/2	0.25	7/8	7/8	Chord	4/4	1	1	1/16		1/16	1	633								
40	38	611/4	611/4	0.25	15/16	15/16	Chord	4/4	1	1	1/16		1/16	1	634								
40	38	149	149	0.5	0	0	Chord	4/4	2	1	1/8		1/8	1	635								
40	38	299/2	299/2	0.5	1/8	1/8	Chord	4/4	2	1	1/8		1/8	1	636								
40	38	150	150	0.5	1/4	1/4	Chord	4/4	2	1	1/8		1/8	1	637								
40	38	301/2	301/2	0.5	3/8	3/8	Chord	4/4	2	1	1/8		1/8	1	638								
40	38	151	151	0.5	1/2	1/2	Chord	4/4	2	1	1/8		1/8	1	639								
40	38	303/2	303/2	0.5	5/8	5/8	Chord	4/4	2	1	1/8		1/8	1	640								
40	38	152	152	0.5	3/4	3/4	Chord	4/4	2	1	1/8		1/8	1	641								
40	38	305/2	305/2	0.5	7/8	7/8	Chord	4/4	2	1	1/8		1/8	1	642								
41	39	153	153	0.5	0	0	Chord	4/4	1	1	1/8		1/8	1	643								
41	39	307/2	307/2	1.0	1/8	1/8	Chord	4/4	1	1	1/4		1/4	1	644								
41	39	309/2	309/2	0.25	3/8	3/8	Chord	4/4	1	1	1/16		1/16	1	645								
41	39	619/4	619/4	0.25	7/16	7/16	Chord	4/4	1	1	1/16		1/16	1	646								
41	39	155	155	0.5	1/2	1/2	Chord	4/4	1	1	1/8		1/8	1	647								
41	39	311/2	311/2	1.0	5/8	5/8	Chord	4/4	1	1	1/4		1/4	1	648								
41	39	313/2	313/2	0.25	7/8	7/8	Chord	4/4	1	1	1/16		1/16	1	649								
41	39	627/4	627/4	0.25	15/16	15/16	Chord	4/4	1	1	1/16		1/16	1	650								
41	39	153	153	0.5	0	0	Chord	4/4	2	1	1/8		1/8	1	651								
41	39	307/2	307/2	0.5	1/8	1/8	Chord	4/4	2	1	1/8		1/8	1	652								
41	39	154	154	0.5	1/4	1/4	Chord	4/4	2	1	1/8		1/8	1	653								
41	39	309/2	309/2	0.5	3/8	3/8	Chord	4/4	2	1	1/8		1/8	1	654								
41	39	155	155	0.5	1/2	1/2	Chord	4/4	2	1	1/8		1/8	1	655								
41	39	311/2	311/2	0.5	5/8	5/8	Chord	4/4	2	1	1/8		1/8	1	656								
41	39	156	156	0.5	3/4	3/4	Chord	4/4	2	1	1/8		1/8	1	657								
41	39	313/2	313/2	0.5	7/8	7/8	Chord	4/4	2	1	1/8		1/8	1	658								
42	40	157	157	0.0	0	0	Chord	4/4	1	1	0	grace16	1/16	1	659								
42	40	157	157	0.25	0	0	Chord	4/4	1	1	1/16		1/16	1	660								
42	40	629/4	629/4	0.25	1/16	1/16	Chord	4/4	1	1	1/16		1/16	1	661								
42	40	315/2	315/2	0.25	1/8	1/8	Chord	4/4	1	1	1/16		1/16	1	662								
42	40	631/4	631/4	0.25	3/16	3/16	Chord	4/4	1	1	1/16		1/16	1	663								
42	40	158	158	1.0	1/4	1/4	Chord	4/4	1	1	1/4		1/4	1	664								
42	40	160	160	1.0	3/4	3/4	Chord	4/4	1	1	1/4		1/4	1	665								
42	40	157	157	1.0	0	0	Chord	4/4	2	1	1/4		1/4	1	666								
42	40	317/2	317/2	0.5	3/8	3/8	Chord	4/4	2	1	1/8		1/8	1	667								
42	40	159	159	0.5	1/2	1/2	Chord	4/4	2	1	1/8		1/8	1	668								
42	40	319/2	319/2	0.5	5/8	5/8	Chord	4/4	2	1	1/8		1/8	1	669								
42	40	160	160	0.5	3/4	3/4	Chord	4/4	2	1	1/8		1/8	1	670								
42	40	321/2	321/2	0.5	7/8	7/8	Chord	4/4	2	1	1/8		1/8	1	671								
42	40	157	157	1.0	0	0	Chord	4/4	2	2	1/4		1/4	1	672								
43	41	161	161	0.0	0	0	Chord	4/4	1	1	0	grace16	1/16	1	673								
43	41	161	161	0.5	0	0	Chord	4/4	1	1	1/8		1/8	1	674								
43	41	323/2	323/2	0.25	1/8	1/8	Chord	4/4	1	1	1/16		1/16	1	675								
43	41	647/4	647/4	0.25	3/16	3/16	Chord	4/4	1	1	1/16		1/16	1	676								
43	41	162	162	1.0	1/4	1/4	Chord	4/4	1	1	1/4		1/4	1	677								
43	41	163	163	0.25	1/2	1/2	Chord	4/4	1	1	1/16		1/16	1	678								
43	41	653/4	653/4	0.0	9/16	9/16	Dynamic	4/4	1	1	0					p							
43	41	653/4	653/4	0.25	9/16	9/16	Chord	4/4	1	1	1/16		1/16	1	679								
43	41	327/2	327/2	0.25	5/8	5/8	Chord	4/4	1	1	1/16		1/16	1	680								
43	41	655/4	655/4	0.25	11/16	11/16	Chord	4/4	1	1	1/16		1/16	1	681								
43	41	164	164	0.25	3/4	3/4	Chord	4/4	1	1	1/16		1/16	1	682								
43	41	657/4	657/4	0.25	13/16	13/16	Chord	4/4	1	1	1/16		1/16	1	683								
43	41	329/2	329/2	0.25	7/8	7/8	Chord	4/4	1	1	1/16		1/16	1	684								
43	41	659/4	659/4	0.25	15/16	15/16	Chord	4/4	1	1	1/16		1/16	1	685								
43	41	161	161	0.5	0	0	Chord	4/4	2	1	1/8		1/8	1	686								
43	41	323/2	323/2	0.5	1/8	1/8	Chord	4/4	2	1	1/8		1/8	1	687								
43	41	162	162	0.5	1/4	1/4	Chord	4/4	2	1	1/8		1/8	1	688								
43	41	325/2	325/2	0.5	3/8	3/8	Chord	4/4	2	1	1/8		1/8	1	689								
43	41	163	163	0.5	1/2	1/2	Chord	4/4	2	1	1/8		1/8	1	690								
43	41	327/2	327/2	0.5	5/8	5/8	Chord	4/4	2	1	1/8		1/8	1	691								
43	41	164	164	0.5	3/4	3/4	Chord	4/4	2	1	1/8		1/8	1	692								
43	41	329/2	329/2	0.5	7/8	7/8	Chord	4/4	2	1	1/8		1/8	1	693								
44	42	165	165	0.25	0	0	Chord	4/4	1	1	1/16		1/16	1	694								
44	42	661/4	661/4	0.25	1/16	1/16	Chord	4/4	1	1	1/16		1/16	1	695								
44	42	331/2	331/2	0.25	1/8	1/8	Chord	4/4	1	1	1/16		1/16	1	696								
44	42	663/4	663/4	0.25	3/16	3/16	Chord	4/4	1	1	1/16		1/16	1	697								
44	42	166	166	1.0	1/4	1/4	Chord	4/4	1	1	1/4		1/4	1	698								
44	42	168	168	0.0	3/4	3/4	Dynamic	4/4	1	1	0					f							
44	42	168	168	1.0	3/4	3/4	Chord	4/4	1	1	1/4		1/4	1	699								
44	42	165	165	0.5	0	0	Chord	4/4	2	1	1/8		1/8	1	700								
44	42	331/2	331/2	0.5	1/8	1/8	Chord	4/4	2	1	1/8		1/8	1	701								
44	42	166	166	0.5	1/4	1/4	Chord	4/4	2	1	1/8		1/8	1	702								
44	42	333/2	333/2	0.5	3/8	3/8	Chord	4/4	2	1	1/8		1/8	1	703								
44	42	167	167	0.5	1/2	1/2	Chord	4/4	2	1	1/8		1/8	1	704								
44	42	335/2	335/2	0.5	5/8	5/8	Chord	4/4	2	1	1/8		1/8	1	705								
44	42	168	168	0.5	3/4	3/4	Chord	4/4	2	1	1/8		1/8	1	706								
44	42	337/2	337/2	0.5	7/8	7/8	Chord	4/4	2	1	1/8		1/8	1	707								
45	43	169	169	0.0	0	0	Chord	4/4	1	1	0	grace16	1/16	1	708								
45	43	169	169	0.5	0	0	Chord	4/4	1	1	1/8		1/8	1	709								
45	43	339/2	339/2	0.25	1/8	1/8	Chord	4/4	1	1	1/16		1/16	1	710								
45	43	679/4	679/4	0.25	3/16	3/16	Chord	4/4	1	1	1/16		1/16	1	711								
45	43	170	170	1.0	1/4	1/4	Chord	4/4	1	1	1/4		1/4	1	712								
45	43	343/2	343/2	0.0	5/8	5/8	Dynamic	4/4	1	1	0					p							
45	43	343/2	343/2	0.25	5/8	5/8	Chord	4/4	1	1	1/16		1/16	1	713								
45	43	687/4	687/4	0.25	11/16	11/16	Chord	4/4	1	1	1/16		1/16	1	714								
45	43	172	172	0.25	3/4	3/4	Chord	4/4	1	1	1/16		1/16	1	715								
45	43	689/4	689/4	0.25	13/16	13/16	Chord	4/4	1	1	1/16		1/16	1	716								
45	43	345/2	345/2	0.25	7/8	7/8	Chord	4/4	1	1	1/16		1/16	1	717								
45	43	691/4	691/4	0.25	15/16	15/16	Chord	4/4	1	1	1/16		1/16	1	718								
45	43	169	169	0.5	0	0	Chord	4/4	2	1	1/8		1/8	1	719								
45	43	339/2	339/2	0.5	1/8	1/8	Chord	4/4	2	1	1/8		1/8	1	720								
45	43	170	170	0.5	1/4	1/4	Chord	4/4	2	1	1/8		1/8	1	721								
45	43	341/2	341/2	0.5	3/8	3/8	Chord	4/4	2	1	1/8		1/8	1	722								
45	43	171	171	0.5	1/2	1/2	Chord	4/4	2	1	1/8		1/8	1	723								
45	43	343/2	343/2	0.5	5/8	5/8	Chord	4/4	2	1	1/8		1/8	1	724								
45	43	172	172	0.5	3/4	3/4	Chord	4/4	2	1	1/8		1/8	1	725								
45	43	345/2	345/2	0.5	7/8	7/8	Chord	4/4	2	1	1/8		1/8	1	726								
46	44	173	173	0.0	0	0	Chord	4/4	1	1	0	grace16	1/16	1	727								
46	44	173	173	1.0	0	0	Chord	4/4	1	1	1/4		1/4	1	728		ornamentTrill						
46	44	174	174	1.0	1/4	1/4	Chord	4/4	1	1	1/4		1/4	1	729								
46	44	176	176	0.0	3/4	3/4	Dynamic	4/4	1	1	0					f							
46	44	176	176	1.0	3/4	3/4	Chord	4/4	1	1	1/4		1/4	1	730								
46	44	173	173	0.5	0	0	Chord	4/4	2	1	1/8		1/8	1	731								
46	44	347/2	347/2	0.5	1/8	1/8	Chord	4/4	2	1	1/8		1/8	1	732								
46	44	174	174	0.5	1/4	1/4	Chord	4/4	2	1	1/8		1/8	1	733								
46	44	349/2	349/2	0.5	3/8	3/8	Chord	4/4	2	1	1/8		1/8	1	734								
46	44	175	175	0.5	1/2	1/2	Chord	4/4	2	1	1/8		1/8	1	735								
46	44	351/2	351/2	0.5	5/8	5/8	Chord	4/4	2	1	1/8		1/8	1	736								
46	44	176	176	0.5	3/4	3/4	Chord	4/4	2	1	1/8		1/8	1	737								
46	44	353/2	353/2	0.5	7/8	7/8	Chord	4/4	2	1	1/8		1/8	1	738								
47	45	177	177	0.0	0	0	Chord	4/4	1	1	0	grace16	1/16	1	739								
47	45	177	177	0.5	0	0	Chord	4/4	1	1	1/8		1/8	1	740								
47	45	355/2	355/2	0.25	1/8	1/8	Chord	4/4	1	1	1/16		1/16	1	741								
47	45	711/4	711/4	0.25	3/16	3/16	Chord	4/4	1	1	1/16		1/16	1	742								
47	45	178	178	1.0	1/4	1/4	Chord	4/4	1	1	1/4		1/4	1	743								
47	45	179	179	0.0	1/2	1/2	Chord	4/4	1	1	0	grace16	1/16	1	744								
47	45	179	179	0.5	1/2	1/2	Chord	4/4	1	1	1/8		1/8	1	745								
47	45	359/2	359/2	0.25	5/8	5/8	Chord	4/4	1	1	1/16		1/16	1	746								
47	45	719/4	719/4	0.25	11/16	11/16	Chord	4/4	1	1	1/16		1/16	1	747								
47	45	180	180	0.0	3/4	3/4	Chord	4/4	1	1	0	grace16	1/16	1	748								
47	45	180	180	0.5	3/4	3/4	Chord	4/4	1	1	1/8		1/8	1	749								
47	45	361/2	361/2	0.25	7/8	7/8	Chord	4/4	1	1	1/16		1/16	1	750								
47	45	723/4	723/4	0.25	15/16	15/16	Chord	4/4	1	1	1/16		1/16	1	751								
47	45	177	177	0.5	0	0	Chord	4/4	2	1	1/8		1/8	1	752								
47	45	355/2	355/2	0.5	1/8	1/8	Chord	4/4	2	1	1/8		1/8	1	753								
47	45	178	178	0.5	1/4	1/4	Chord	4/4	2	1	1/8		1/8	1	754								
47	45	357/2	357/2	0.5	3/8	3/8	Chord	4/4	2	1	1/8		1/8	1	755								
47	45	179	179	0.5	1/2	1/2	Chord	4/4	2	1	1/8		1/8	1	756								
47	45	359/2	359/2	0.5	5/8	5/8	Chord	4/4	2	1	1/8		1/8	1	757								
47	45	180	180	0.5	3/4	3/4	Chord	4/4	2	1	1/8		1/8	1	758								
47	45	361/2	361/2	0.5	7/8	7/8	Chord	4/4	2	1	1/8		1/8	1	759								
48	46	181	181	0.0	0	0	Chord	4/4	1	1	0	grace16	1/16	1	760								
48	46	181	181	0.5	0	0	Chord	4/4	1	1	1/8		1/8	1	761								
48	46	363/2	363/2	0.25	1/8	1/8	Chord	4/4	1	1	1/16		1/16	1	762								
48	46	727/4	727/4	0.25	3/16	3/16	Chord	4/4	1	1	1/16		1/16	1	763								
48	46	182	182	1.0	1/4	1/4	Chord	4/4	1	1	1/4		1/4	1	764								
48	46	183	183	0.5	1/2	1/2	Chord	4/4	1	1	1/8		1/8	1	765								
48	46	367/2	367/2	1.0	5/8	5/8	Chord	4/4	1	1	1/4		1/4	1	766								
48	46	369/2	369/2	0.5	7/8	7/8	Chord	4/4	1	1	1/8		1/8	1	767								
48	46	181	181	0.5	0	0	Chord	4/4	2	1	1/8		1/8	1	768								
48	46	363/2	363/2	0.5	1/8	1/8	Chord	4/4	2	1	1/8		1/8	1	769								
48	46	182	182	0.5	1/4	1/4	Chord	4/4	2	1	1/8		1/8	1	770								
48	46	365/2	365/2	0.5	3/8	3/8	Chord	4/4	2	1	1/8		1/8	1	771								
48	46	183	183	0.5	1/2	1/2	Chord	4/4	2	1	1/8		1/8	1	772								
48	46	367/2	367/2	0.5	5/8	5/8	Chord	4/4	2	1	1/8		1/8	1	773								
48	46	184	184	0.5	3/4	3/4	Chord	4/4	2	1	1/8		1/8	1	774								
48	46	369/2	369/2	0.5	7/8	7/8	Chord	4/4	2	1	1/8		1/8	1	775								
49	47	185	185	0.0	0	0	Chord	4/4	1	1	0	grace16	1/16	1	776								
49	47	185	185	0.5	0	0	Chord	4/4	1	1	1/8		1/8	1	777								
49	47	371/2	371/2	0.25	1/8	1/8	Chord	4/4	1	1	1/16		1/16	1	778								
49	47	743/4	743/4	0.25	3/16	3/16	Chord	4/4	1	1	1/16		1/16	1	779								
49	47	186	186	1.0	1/4	1/4	Chord	4/4	1	1	1/4		1/4	1	780								
49	47	187	187	0.5	1/2	1/2	Chord	4/4	1	1	1/8		1/8	1	781								
49	47	375/2	375/2	0.5	5/8	5/8	Chord	4/4	1	1	1/8		1/8	1	782								
49	47	188	188	0.5	3/4	3/4	Chord	4/4	1	1	1/8		1/8	1	783								
49	47	377/2	377/2	0.5	7/8	7/8	Chord	4/4	1	1	1/8		1/8	1	784								
49	47	185	185	0.5	0	0	Chord	4/4	2	1	1/8		1/8	1	785								
49	47	371/2	371/2	0.5	1/8	1/8	Chord	4/4	2	1	1/8		1/8	1	786								
49	47	186	186	0.5	1/4	1/4	Chord	4/4	2	1	1/8		1/8	1	787								
49	47	373/2	373/2	0.5	3/8	3/8	Chord	4/4	2	1	1/8		1/8	1	788								
49	47	187	187	0.5	1/2	1/2	Chord	4/4	2	1	1/8		1/8	1	789								
49	47	375/2	375/2	0.5	5/8	5/8	Chord	4/4	2	1	1/8		1/8	1	790								
49	47	188	188	0.5	3/4	3/4	Chord	4/4	2	1	1/8		1/8	1	791								
49	47	377/2	377/2	0.5	7/8	7/8	Chord	4/4	2	1	1/8		1/8	1	792								
50	48	189	189	0.25	0	0	Chord	4/4	1	1	1/16		1/16	1	793								
50	48	757/4	757/4	0.25	1/16	1/16	Chord	4/4	1	1	1/16		1/16	1	794								
50	48	379/2	379/2	0.25	1/8	1/8	Chord	4/4	1	1	1/16		1/16	1	795								
50	48	759/4	759/4	0.25	3/16	3/16	Chord	4/4	1	1	1/16		1/16	1	796								
50	48	761/4	761/4	0.25	5/16	5/16	Chord	4/4	1	1	1/16		1/16	1	797								
50	48	381/2	381/2	0.25	3/8	3/8	Chord	4/4	1	1	1/16		1/16	1	798								
50	48	763/4	763/4	0.25	7/16	7/16	Chord	4/4	1	1	1/16		1/16	1	799								
50	48	765/4	765/4	0.25	9/16	9/16	Chord	4/4	1	1	1/16		1/16	1	800								
50	48	383/2	383/2	0.25	5/8	5/8	Chord	4/4	1	1	1/16		1/16	1	801								
50	48	767/4	767/4	0.25	11/16	11/16	Chord	4/4	1	1	1/16		1/16	1	802								
50	48	769/4	769/4	0.25	13/16	13/16	Chord	4/4	1	1	1/16		1/16	1	803								
50	48	385/2	385/2	0.25	7/8	7/8	Chord	4/4	1	1	1/16		1/16	1	804								
50	48	771/4	771/4	0.25	15/16	15/16	Chord	4/4	1	1	1/16		1/16	1	805								
50	48	189	189	1.0	0	0	Chord	4/4	2	1	1/4		1/4	1	806								
50	48	190	190	1.0	1/4	1/4	Chord	4/4	2	1	1/4		1/4	1	807								
50	48	191	191	1.0	1/2	1/2	Chord	4/4	2	1	1/4		1/4	1	808								
50	48	192	192	1.0	3/4	3/4	Chord	4/4	2	1	1/4		1/4	1	809								
51	49	773/4	773/4	0.25	1/16	1/16	Chord	4/4	1	1	1/16		1/16	1	810								
51	49	387/2	387/2	0.25	1/8	1/8	Chord	4/4	1	1	1/16		1/16	1	811								
51	49	775/4	775/4	0.25	3/16	3/16	Chord	4/4	1	1	1/16		1/16	1	812								
51	49	777/4	777/4	0.25	5/16	5/16	Chord	4/4	1	1	1/16		1/16	1	813								
51	49	389/2	389/2	0.25	3/8	3/8	Chord	4/4	1	1	1/16		1/16	1	814								
51	49	779/4	779/4	0.25	7/16	7/16	Chord	4/4	1	1	1/16		1/16	1	815								
51	49	781/4	781/4	0.25	9/16	9/16	Chord	4/4	1	1	1/16		1/16	1	816								
51	49	391/2	391/2	0.25	5/8	5/8	Chord	4/4	1	1	1/16		1/16	1	817								
51	49	783/4	783/4	0.25	11/16	11/16	Chord	4/4	1	1	1/16		1/16	1	818								
51	49	785/4	785/4	0.25	13/16	13/16	Chord	4/4	1	1	1/16		1/16	1	819								
51	49	393/2	393/2	0.25	7/8	7/8	Chord	4/4	1	1	1/16		1/16	1	820								
51	49	787/4	787/4	0.25	15/16	15/16	Chord	4/4	1	1	1/16		1/16	1	821								
51	49	193	193	1.0	0	0	Chord	4/4	2	1	1/4		1/4	1	822								
51	49	194	194	1.0	1/4	1/4	Chord	4/4	2	1	1/4		1/4	1	823								
51	49	195	195	1.0	1/2	1/2	Chord	4/4	2	1	1/4		1/4	1	824								
51	49	196	196	1.0	3/4	3/4	Chord	4/4	2	1	1/4		1/4	1	825								
52	50	789/4	789/4	0.25	1/16	1/16	Chord	4/4	1	1	1/16		1/16	1	826								
52	50	395/2	395/2	0.25	1/8	1/8	Chord	4/4	1	1	1/16		1/16	1	827								
52	50	791/4	791/4	0.25	3/16	3/16	Chord	4/4	1	1	1/16		1/16	1	828								
52	50	793/4	793/4	0.25	5/16	5/16	Chord	4/4	1	1	1/16		1/16	1	829								
52	50	397/2	397/2	0.25	3/8	3/8	Chord	4/4	1	1	1/16		1/16	1	830								
52	50	795/4	795/4	0.25	7/16	7/16	Chord	4/4	1	1	1/16		1/16	1	831								
52	50	797/4	797/4	0.25	9/16	9/16	Chord	4/4	1	1	1/16		1/16	1	832								
52	50	399/2	399/2	0.25	5/8	5/8	Chord	4/4	1	1	1/16		1/16	1	833								
52	50	799/4	799/4	0.25	11/16	11/16	Chord	4/4	1	1	1/16		1/16	1	834								
52	50	801/4	801/4	0.25	13/16	13/16	Chord	4/4	1	1	1/16		1/16	1	835								
52	50	401/2	401/2	0.25	7/8	7/8	Chord	4/4	1	1	1/16		1/16	1	836								
52	50	803/4	803/4	0.25	15/16	15/16	Chord	4/4	1	1	1/16		1/16	1	837								
52	50	197	197	1.0	0	0	Chord	4/4	2	1	1/4		1/4	1	838								
52	50	198	198	1.0	1/4	1/4	Chord	4/4	2	1	1/4		1/4	1	839								
52	50	199	199	1.0	1/2	1/2	Chord	4/4	2	1	1/4		1/4	1	840								
52	50	200	200	1.0	3/4	3/4	Chord	4/4	2	1	1/4		1/4	1	841								
53	51	805/4	805/4	0.25	1/16	1/16	Chord	4/4	1	1	1/16		1/16	1	842								
53	51	403/2	403/2	0.25	1/8	1/8	Chord	4/4	1	1	1/16		1/16	1	843								
53	51	807/4	807/4	0.25	3/16	3/16	Chord	4/4	1	1	1/16		1/16	1	844								
53	51	809/4	809/4	0.25	5/16	5/16	Chord	4/4	1	1	1/16		1/16	1	845								
53	51	405/2	405/2	0.25	3/8	3/8	Chord	4/4	1	1	1/16		1/16	1	846								
53	51	811/4	811/4	0.25	7/16	7/16	Chord	4/4	1	1	1/16		1/16	1	847								
53	51	813/4	813/4	0.25	9/16	9/16	Chord	4/4	1	1	1/16		1/16	1	848								
53	51	407/2	407/2	0.25	5/8	5/8	Chord	4/4	1	1	1/16		1/16	1	849								
53	51	815/4	815/4	0.25	11/16	11/16	Chord	4/4	1	1	1/16		1/16	1	850								
53	51	817/4	817/4	0.25	13/16	13/16	Chord	4/4	1	1	1/16		1/16	1	851								
53	51	409/2	409/2	0.25	7/8	7/8	Chord	4/4	1	1	1/16		1/16	1	852								
53	51	819/4	819/4	0.25	15/16	15/16	Chord	4/4	1	1	1/16		1/16	1	853								
53	51	201	201	1.0	0	0	Chord	4/4	2	1	1/4		1/4	1	854								
53	51	202	202	1.0	1/4	1/4	Chord	4/4	2	1	1/4		1/4	1	855								
53	51	203	203	1.0	1/2	1/2	Chord	4/4	2	1	1/4		1/4	1	856								
53	51	204	204	1.0	3/4	3/4	Chord	4/4	2	1	1/4		1/4	1	857								
54	52	821/4	821/4	0.25	1/16	1/16	Chord	4/4	1	1	1/16		1/16	1	858								
54	52	411/2	411/2	0.25	1/8	1/8	Chord	4/4	1	1	1/16		1/16	1	859								
54	52	823/4	823/4	0.25	3/16	3/16	Chord	4/4	1	1	1/16		1/16	1	860								
54	52	825/4	825/4	0.25	5/16	5/16	Chord	4/4	1	1	1/16		1/16	1	861								
54	52	413/2	413/2	0.25	3/8	3/8	Chord	4/4	1	1	1/16		1/16	1	862								
54	52	827/4	827/4	0.25	7/16	7/16	Chord	4/4	1	1	1/16		1/16	1	863								
54	52	829/4	829/4	0.25	9/16	9/16	Chord	4/4	1	1	1/16		1/16	1	864								
54	52	415/2	415/2	0.25	5/8	5/8	Chord	4/4	1	1	1/16		1/16	1	865								
54	52	831/4	831/4	0.25	11/16	11/16	Chord	4/4	1	1	1/16		1/16	1	866								
54	52	833/4	833/4	0.25	13/16	13/16	Chord	4/4	1	1	1/16		1/16	1	867								
54	52	417/2	417/2	0.25	7/8	7/8	Chord	4/4	1	1	1/16		1/16	1	868								
54	52	835/4	835/4	0.25	15/16	15/16	Chord	4/4	1	1	1/16		1/16	1	869								
54	52	205	205	1.0	0	0	Chord	4/4	2	1	1/4		1/4	1	870								
54	52	206	206	1.0	1/4	1/4	Chord	4/4	2	1	1/4		1/4	1	871								
54	52	207	207	1.0	1/2	1/2	Chord	4/4	2	1	1/4		1/4	1	872								
54	52	208	208	1.0	3/4	3/4	Chord	4/4	2	1	1/4		1/4	1	873								
55	53	209	209	0.25	0	0	Chord	4/4	1	1	1/16		1/16	1	874								
55	53	837/4	837/4	0.25	1/16	1/16	Chord	4/4	1	1	1/16		1/16	1	875								
55	53	419/2	419/2	0.25	1/8	1/8	Chord	4/4	1	1	1/16		1/16	1	876								
55	53	839/4	839/4	0.25	3/16	3/16	Chord	4/4	1	1	1/16		1/16	1	877								
55	53	210	210	0.25	1/4	1/4	Chord	4/4	1	1	1/16		1/16	1	878								
55	53	841/4	841/4	0.25	5/16	5/16	Chord	4/4	1	1	1/16		1/16	1	879								
55	53	421/2	421/2	0.25	3/8	3/8	Chord	4/4	1	1	1/16		1/16	1	880								
55	53	843/4	843/4	0.25	7/16	7/16	Chord	4/4	1	1	1/16		1/16	1	881								
55	53	211	211	0.25	1/2	1/2	Chord	4/4	1	1	1/16		1/16	1	882								
55	53	845/4	845/4	0.25	9/16	9/16	Chord	4/4	1	1	1/16		1/16	1	883								
55	53	423/2	423/2	0.25	5/8	5/8	Chord	4/4	1	1	1/16		1/16	1	884								
55	53	847/4	847/4	0.25	11/16	11/16	Chord	4/4	1	1	1/16		1/16	1	885								
55	53	212	212	0.25	3/4	3/4	Chord	4/4	1	1	1/16		1/16	1	886								
55	53	849/4	849/4	0.25	13/16	13/16	Chord	4/4	1	1	1/16		1/16	1	887								
55	53	425/2	425/2	0.25	7/8	7/8	Chord	4/4	1	1	1/16		1/16	1	888								
55	53	851/4	851/4	0.25	15/16	15/16	Chord	4/4	1	1	1/16		1/16	1	889								
55	53	209	209	1.0	0	0	Chord	4/4	2	1	1/4		1/4	1	890								
55	53	210	210	0.5	1/4	1/4	Chord	4/4	2	1	1/8		1/8	1	891								
55	53	421/2	421/2	0.5	3/8	3/8	Chord	4/4	2	1	1/8		1/8	1	892								
55	53	211	211	1.0	1/2	1/2	Chord	4/4	2	1	1/4		1/4	1	893								
55	53	212	212	0.5	3/4	3/4	Chord	4/4	2	1	1/8		1/8	1	894								
55	53	425/2	425/2	0.5	7/8	7/8	Chord	4/4	2	1	1/8		1/8	1	895								
56	54	213	213	0.25	0	0	Chord	4/4	1	1	1/16		1/16	1	896								
56	54	853/4	853/4	0.25	1/16	1/16	Chord	4/4	1	1	1/16		1/16	1	897								
56	54	427/2	427/2	0.25	1/8	1/8	Chord	4/4	1	1	1/16		1/16	1	898								
56	54	855/4	855/4	0.25	3/16	3/16	Chord	4/4	1	1	1/16		1/16	1	899								
56	54	214	214	0.25	1/4	1/4	Chord	4/4	1	1	1/16		1/16	1	900								
56	54	857/4	857/4	0.25	5/16	5/16	Chord	4/4	1	1	1/16		1/16	1	901								
56	54	429/2	429/2	0.25	3/8	3/8	Chord	4/4	1	1	1/16		1/16	1	902								
56	54	859/4	859/4	0.25	7/16	7/16	Chord	4/4	1	1	1/16		1/16	1	903								
56	54	215	215	0.25	1/2	1/2	Chord	4/4	1	1	1/16		1/16	1	904								
56	54	861/4	861/4	0.25	9/16	9/16	Chord	4/4	1	1	1/16		1/16	1	905								
56	54	431/2	431/2	0.25	5/8	5/8	Chord	4/4	1	1	1/16		1/16	1	906								
56	54	863/4	863/4	0.25	11/16	11/16	Chord	4/4	1	1	1/16		1/16	1	907								
56	54	216	216	0.25	3/4	3/4	Chord	4/4	1	1	1/16		1/16	1	908								
56	54	865/4	865/4	0.25	13/16	13/16	Chord	4/4	1	1	1/16		1/16	1	909								
56	54	433/2	433/2	0.25	7/8	7/8	Chord	4/4	1	1	1/16		1/16	1	910								
56	54	867/4	867/4	0.25	15/16	15/16	Chord	4/4	1	1	1/16		1/16	1	911								
56	54	213	213	1.0	0	0	Chord	4/4	2	1	1/4		1/4	1	912								
56	54	214	214	0.5	1/4	1/4	Chord	4/4	2	1	1/8		1/8	1	913								
56	54	429/2	429/2	0.5	3/8	3/8	Chord	4/4	2	1	1/8		1/8	1	914								
56	54	215	215	1.0	1/2	1/2	Chord	4/4	2	1	1/4		1/4	1	915								
56	54	216	216	0.5	3/4	3/4	Chord	4/4	2	1	1/8		1/8	1	916								
56	54	433/2	433/2	0.5	7/8	7/8	Chord	4/4	2	1	1/8		1/8	1	917								
57	55	217	217	0.25	0	0	Chord	4/4	1	1	1/16		1/16	1	918								
57	55	869/4	869/4	0.25	1/16	1/16	Chord	4/4	1	1	1/16		1/16	1	919								
57	55	435/2	435/2	0.25	1/8	1/8	Chord	4/4	1	1	1/16		1/16	1	920								
57	55	871/4	871/4	0.25	3/16	3/16	Chord	4/4	1	1	1/16		1/16	1	921								
57	55	218	218	0.25	1/4	1/4	Chord	4/4	1	1	1/16		1/16	1	922								
57	55	873/4	873/4	0.25	5/16	5/16	Chord	4/4	1	1	1/16		1/16	1	923								
57	55	437/2	437/2	0.25	3/8	3/8	Chord	4/4	1	1	1/16		1/16	1	924								
57	55	875/4	875/4	0.25	7/16	7/16	Chord	4/4	1	1	1/16		1/16	1	925								
57	55	219	219	0.25	1/2	1/2	Chord	4/4	1	1	1/16		1/16	1	926								
57	55	877/4	877/4	0.25	9/16	9/16	Chord	4/4	1	1	1/16		1/16	1	927								
57	55	439/2	439/2	0.25	5/8	5/8	Chord	4/4	1	1	1/16		1/16	1	928								
57	55	879/4	879/4	0.25	11/16	11/16	Chord	4/4	1	1	1/16		1/16	1	929								
57	55	220	220	0.25	3/4	3/4	Chord	4/4	1	1	1/16		1/16	1	930								
57	55	881/4	881/4	0.25	13/16	13/16	Chord	4/4	1	1	1/16		1/16	1	931								
57	55	441/2	441/2	0.25	7/8	7/8	Chord	4/4	1	1	1/16		1/16	1	932								
57	55	883/4	883/4	0.25	15/16	15/16	Chord	4/4	1	1	1/16		1/16	1	933								
57	55	217	217	1.0	0	0	Chord	4/4	2	1	1/4		1/4	1	934								
57	55	218	218	1.0	1/4	1/4	Chord	4/4	2	1	1/4		1/4	1	935								
57	55	219	219	1.0	1/2	1/2	Chord	4/4	2	1	1/4		1/4	1	936								
57	55	220	220	1.0	3/4	3/4	Chord	4/4	2	1	1/4		1/4	1	937								
58	56	221	221	0.25	0	0	Chord	4/4	1	1	1/16		1/16	1	938								
58	56	885/4	885/4	0.75	1/16	1/16	Chord	4/4	1	1	3/16		1/8	3/2	939								
58	56	222	222	0.25	1/4	1/4	Chord	4/4	1	1	1/16		1/16	1	940								
58	56	889/4	889/4	0.25	5/16	5/16	Chord	4/4	1	1	1/16		1/16	1	941								
58	56	445/2	445/2	0.25	3/8	3/8	Chord	4/4	1	1	1/16		1/16	1	942								
58	56	891/4	891/4	0.25	7/16	7/16	Chord	4/4	1	1	1/16		1/16	1	943								
58	56	223	223	2.0	1/2	1/2	Chord	4/4	1	1	1/2		1/2	1	944		ornamentTrill						
58	56	221	221	0.5	0	0	Chord	4/4	2	1	1/8		1/8	1	945								
58	56	443/2	443/2	0.5	1/8	1/8	Chord	4/4	2	1	1/8		1/8	1	946								
58	56	222	222	0.5	1/4	1/4	Chord	4/4	2	1	1/8		1/8	1	947								
58	56	445/2	445/2	0.5	3/8	3/8	Chord	4/4	2	1	1/8		1/8	1	948								
58	56	223	223	0.5	1/2	1/2	Chord	4/4	2	1	1/8		1/8	1	949								
58	56	447/2	447/2	0.5	5/8	5/8	Chord	4/4	2	1	1/8		1/8	1	950								
58	56	224	224	0.5	3/4	3/4	Chord	4/4	2	1	1/8		1/8	1	951								
58	56	449/2	449/2	0.5	7/8	7/8	Chord	4/4	2	1	1/8		1/8	1	952								
59	57	225	225	0.5	0	0	Chord	4/4	1	1	1/8		1/8	1	953								
59	57	903/4	903/4	0.25	3/16	3/16	Chord	4/4	1	1	1/16		1/16	1	954								
59	57	905/4	905/4	0.25	5/16	5/16	Chord	4/4	1	1	1/16		1/16	1	955								
59	57	907/4	907/4	0.25	7/16	7/16	Chord	4/4	1	1	1/16		1/16	1	956								
59	57	909/4	909/4	0.25	9/16	9/16	Chord	4/4	1	1	1/16		1/16	1	957								
59	57	911/4	911/4	0.25	11/16	11/16	Chord	4/4	1	1	1/16		1/16	1	958								
59	57	913/4	913/4	0.25	13/16	13/16	Chord	4/4	1	1	1/16		1/16	1	959								
59	57	915/4	915/4	0.25	15/16	15/16	Chord	4/4	1	1	1/16		1/16	1	960								
59	57	225	225	0.5	0	0	Chord	4/4	2	1	1/8		1/8	1	961								
59	57	451/2	451/2	0.5	1/8	1/8	Chord	4/4	2	1	1/8		1/8	1	962								
59	57	226	226	0.5	1/4	1/4	Chord	4/4	2	1	1/8		1/8	1	963								
59	57	453/2	453/2	0.5	3/8	3/8	Chord	4/4	2	1	1/8		1/8	1	964								
59	57	227	227	0.5	1/2	1/2	Chord	4/4	2	1	1/8		1/8	1	965								
59	57	455/2	455/2	0.5	5/8	5/8	Chord	4/4	2	1	1/8		1/8	1	966								
59	57	228	228	0.5	3/4	3/4	Chord	4/4	2	1	1/8		1/8	1	967								
59	57	457/2	457/2	0.5	7/8	7/8	Chord	4/4	2	1	1/8		1/8	1	968								
60	58	917/4	917/4	0.25	1/16	1/16	Chord	4/4	1	1	1/16		1/16	1	969								
60	58	919/4	919/4	0.25	3/16	3/16	Chord	4/4	1	1	1/16		1/16	1	970								
60	58	921/4	921/4	0.25	5/16	5/16	Chord	4/4	1	1	1/16		1/16	1	971								
60	58	923/4	923/4	0.25	7/16	7/16	Chord	4/4	1	1	1/16		1/16	1	972								
60	58	925/4	925/4	0.25	9/16	9/16	Chord	4/4	1	1	1/16		1/16	1	973								
60	58	927/4	927/4	0.25	11/16	11/16	Chord	4/4	1	1	1/16		1/16	1	974								
60	58	929/4	929/4	0.25	13/16	13/16	Chord	4/4	1	1	1/16		1/16	1	975								
60	58	931/4	931/4	0.25	15/16	15/16	Chord	4/4	1	1	1/16		1/16	1	976								
60	58	229	229	0.5	0	0	Chord	4/4	2	1	1/8		1/8	1	977								
60	58	459/2	459/2	0.5	1/8	1/8	Chord	4/4	2	1	1/8		1/8	1	978								
60	58	230	230	0.5	1/4	1/4	Chord	4/4	2	1	1/8		1/8	1	979								
60	58	461/2	461/2	0.5	3/8	3/8	Chord	4/4	2	1	1/8		1/8	1	980								
60	58	231	231	0.5	1/2	1/2	Chord	4/4	2	1	1/8		1/8	1	981								
60	58	463/2	463/2	0.5	5/8	5/8	Chord	4/4	2	1	1/8		1/8	1	982								
60	58	232	232	0.5	3/4	3/4	Chord	4/4	2	1	1/8		1/8	1	983								
60	58	465/2	465/2	0.5	7/8	7/8	Chord	4/4	2	1	1/8		1/8	1	984								
61	59	933/4	933/4	0.25	1/16	1/16	Chord	4/4	1	1	1/16		1/16	1	985								
61	59	935/4	935/4	0.25	3/16	3/16	Chord	4/4	1	1	1/16		1/16	1	986								
61	59	937/4	937/4	0.25	5/16	5/16	Chord	4/4	1	1	1/16		1/16	1	987								
61	59	939/4	939/4	0.25	7/16	7/16	Chord	4/4	1	1	1/16		1/16	1	988								
61	59	941/4	941/4	0.25	9/16	9/16	Chord	4/4	1	1	1/16		1/16	1	989								
61	59	943/4	943/4	0.25	11/16	11/16	Chord	4/4	1	1	1/16		1/16	1	990								
61	59	945/4	945/4	0.25	13/16	13/16	Chord	4/4	1	1	1/16		1/16	1	991								
61	59	947/4	947/4	0.25	15/16	15/16	Chord	4/4	1	1	1/16		1/16	1	992								
61	59	233	233	0.5	0	0	Chord	4/4	2	1	1/8		1/8	1	993								
61	59	467/2	467/2	0.5	1/8	1/8	Chord	4/4	2	1	1/8		1/8	1	994								
61	59	234	234	0.5	1/4	1/4	Chord	4/4	2	1	1/8		1/8	1	995								
61	59	469/2	469/2	0.5	3/8	3/8	Chord	4/4	2	1	1/8		1/8	1	996								
61	59	235	235	0.5	1/2	1/2	Chord	4/4	2	1	1/8		1/8	1	997								
61	59	471/2	471/2	0.5	5/8	5/8	Chord	4/4	2	1	1/8		1/8	1	998								
61	59	236	236	0.5	3/4	3/4	Chord	4/4	2	1	1/8		1/8	1	999								
61	59	473/2	473/2	0.5	7/8	7/8	Chord	4/4	2	1	1/8		1/8	1	1000								
62	60	949/4	949/4	0.25	1/16	1/16	Chord	4/4	1	1	1/16		1/16	1	1001								
62	60	951/4	951/4	0.25	3/16	3/16	Chord	4/4	1	1	1/16		1/16	1	1002								
62	60	953/4	953/4	0.25	5/16	5/16	Chord	4/4	1	1	1/16		1/16	1	1003								
62	60	955/4	955/4	0.25	7/16	7/16	Chord	4/4	1	1	1/16		1/16	1	1004								
62	60	957/4	957/4	0.25	9/16	9/16	Chord	4/4	1	1	1/16		1/16	1	1005								
62	60	959/4	959/4	0.25	11/16	11/16	Chord	4/4	1	1	1/16		1/16	1	1006								
62	60	961/4	961/4	0.25	13/16	13/16	Chord	4/4	1	1	1/16		1/16	1	1007								
62	60	963/4	963/4	0.25	15/16	15/16	Chord	4/4	1	1	1/16		1/16	1	1008								
62	60	237	237	0.5	0	0	Chord	4/4	2	1	1/8		1/8	1	1009								
62	60	475/2	475/2	0.5	1/8	1/8	Chord	4/4	2	1	1/8		1/8	1	1010								
62	60	238	238	0.5	1/4	1/4	Chord	4/4	2	1	1/8		1/8	1	1011								
62	60	477/2	477/2	0.5	3/8	3/8	Chord	4/4	2	1	1/8		1/8	1	1012								
62	60	239	239	0.5	1/2	1/2	Chord	4/4	2	1	1/8		1/8	1	1013								
62	60	479/2	479/2	0.5	5/8	5/8	Chord	4/4	2	1	1/8		1/8	1	1014								
62	60	240	240	0.5	3/4	3/4	Chord	4/4	2	1	1/8		1/8	1	1015								
62	60	481/2	481/2	0.5	7/8	7/8	Chord	4/4	2	1	1/8		1/8	1	1016								
63	61	965/4	965/4	0.25	1/16	1/16	Chord	4/4	1	1	1/16		1/16	1	1017								
63	61	967/4	967/4	0.25	3/16	3/16	Chord	4/4	1	1	1/16		1/16	1	1018								
63	61	969/4	969/4	0.25	5/16	5/16	Chord	4/4	1	1	1/16		1/16	1	1019								
63	61	971/4	971/4	0.25	7/16	7/16	Chord	4/4	1	1	1/16		1/16	1	1020								
63	61	973/4	973/4	0.25	9/16	9/16	Chord	4/4	1	1	1/16		1/16	1	1021								
63	61	975/4	975/4	0.25	11/16	11/16	Chord	4/4	1	1	1/16		1/16	1	1022								
63	61	977/4	977/4	0.25	13/16	13/16	Chord	4/4	1	1	1/16		1/16	1	1023								
63	61	979/4	979/4	0.25	15/16	15/16	Chord	4/4	1	1	1/16		1/16	1	1024								
63	61	241	241	0.5	0	0	Chord	4/4	2	1	1/8		1/8	1	1025								
63	61	483/2	483/2	0.5	1/8	1/8	Chord	4/4	2	1	1/8		1/8	1	1026								
63	61	242	242	0.5	1/4	1/4	Chord	4/4	2	1	1/8		1/8	1	1027								
63	61	485/2	485/2	0.5	3/8	3/8	Chord	4/4	2	1	1/8		1/8	1	1028								
63	61	243	243	0.5	1/2	1/2	Chord	4/4	2	1	1/8		1/8	1	1029								
63	61	487/2	487/2	0.5	5/8	5/8	Chord	4/4	2	1	1/8		1/8	1	1030								
63	61	244	244	0.5	3/4	3/4	Chord	4/4	2	1	1/8		1/8	1	1031								
63	61	489/2	489/2	0.5	7/8	7/8	Chord	4/4	2	1	1/8		1/8	1	1032								
64	62	981/4	981/4	0.25	1/16	1/16	Chord	4/4	1	1	1/16		1/16	1	1033								
64	62	983/4	983/4	0.25	3/16	3/16	Chord	4/4	1	1	1/16		1/16	1	1034								
64	62	985/4	985/4	0.25	5/16	5/16	Chord	4/4	1	1	1/16		1/16	1	1035								
64	62	987/4	987/4	0.25	7/16	7/16	Chord	4/4	1	1	1/16		1/16	1	1036								
64	62	989/4	989/4	0.25	9/16	9/16	Chord	4/4	1	1	1/16		1/16	1	1037								
64	62	991/4	991/4	0.25	11/16	11/16	Chord	4/4	1	1	1/16		1/16	1	1038								
64	62	993/4	993/4	0.25	13/16	13/16	Chord	4/4	1	1	1/16		1/16	1	1039								
64	62	995/4	995/4	0.25	15/16	15/16	Chord	4/4	1	1	1/16		1/16	1	1040								
64	62	245	245	0.5	0	0	Chord	4/4	2	1	1/8		1/8	1	1041								
64	62	491/2	491/2	0.5	1/8	1/8	Chord	4/4	2	1	1/8		1/8	1	1042								
64	62	246	246	0.5	1/4	1/4	Chord	4/4	2	1	1/8		1/8	1	1043								
64	62	493/2	493/2	0.5	3/8	3/8	Chord	4/4	2	1	1/8		1/8	1	1044								
64	62	247	247	0.5	1/2	1/2	Chord	4/4	2	1	1/8		1/8	1	1045								
64	62	495/2	495/2	0.5	5/8	5/8	Chord	4/4	2	1	1/8		1/8	1	1046								
64	62	248	248	0.5	3/4	3/4	Chord	4/4	2	1	1/8		1/8	1	1047								
64	62	497/2	497/2	0.5	7/8	7/8	Chord	4/4	2	1	1/8		1/8	1	1048								
65	63	249	249	0.0	0	0	Dynamic	4/4	1	1	0					p							
65	63	249	249	0.25	0	0	Chord	4/4	1	1	1/16		1/16	1	1049								
65	63	997/4	997/4	0.25	1/16	1/16	Chord	4/4	1	1	1/16		1/16	1	1050								
65	63	499/2	499/2	0.25	1/8	1/8	Chord	4/4	1	1	1/16		1/16	1	1051								
65	63	999/4	999/4	0.25	3/16	3/16	Chord	4/4	1	1	1/16		1/16	1	1052								
65	63	250	250	1.0	1/4	1/4	Chord	4/4	1	1	1/4		1/4	1	1053								
65	63	503/2	503/2	0.25	5/8	5/8	Chord	4/4	1	1	1/16		1/16	1	1054								
65	63	1007/4	1007/4	0.25	11/16	11/16	Chord	4/4	1	1	1/16		1/16	1	1055								
65	63	252	252	0.25	3/4	3/4	Chord	4/4	1	1	1/16		1/16	1	1056								
65	63	1009/4	1009/4	0.25	13/16	13/16	Chord	4/4	1	1	1/16		1/16	1	1057								
65	63	505/2	505/2	0.25	7/8	7/8	Chord	4/4	1	1	1/16		1/16	1	1058								
65	63	1011/4	1011/4	0.25	15/16	15/16	Chord	4/4	1	1	1/16		1/16	1	1059								
65	63	249	249	0.5	0	0	Chord	4/4	2	1	1/8		1/8	1	1060								
65	63	499/2	499/2	0.5	1/8	1/8	Chord	4/4	2	1	1/8		1/8	1	1061								
65	63	250	250	0.5	1/4	1/4	Chord	4/4	2	1	1/8		1/8	1	1062								
65	63	501/2	501/2	0.5	3/8	3/8	Chord	4/4	2	1	1/8		1/8	1	1063								
65	63	251	251	0.5	1/2	1/2	Chord	4/4	2	1	1/8		1/8	1	1064								
65	63	503/2	503/2	0.5	5/8	5/8	Chord	4/4	2	1	1/8		1/8	1	1065								
65	63	252	252	0.5	3/4	3/4	Chord	4/4	2	1	1/8		1/8	1	1066								
65	63	505/2	505/2	0.5	7/8	7/8	Chord	4/4	2	1	1/8		1/8	1	1067								
66	64	253	253	0.0	0	0	Chord	4/4	1	1	0	grace16	1/16	1	1068								
66	64	253	253	0.25	0	0	Chord	4/4	1	1	1/16		1/16	1	1069								
66	64	1013/4	1013/4	0.25	1/16	1/16	Chord	4/4	1	1	1/16		1/16	1	1070								
66	64	507/2	507/2	0.25	1/8	1/8	Chord	4/4	1	1	1/16		1/16	1	1071								
66	64	1015/4	1015/4	0.25	3/16	3/16	Chord	4/4	1	1	1/16		1/16	1	1072								
66	64	254	254	1.0	1/4	1/4	Chord	4/4	1	1	1/4		1/4	1	1073								
66	64	511/2	511/2	0.25	5/8	5/8	Chord	4/4	1	1	1/16		1/16	1	1074								
66	64	1023/4	1023/4	0.25	11/16	11/16	Chord	4/4	1	1	1/16		1/16	1	1075								
66	64	256	256	0.25	3/4	3/4	Chord	4/4	1	1	1/16		1/16	1	1076								
66	64	1025/4	1025/4	0.25	13/16	13/16	Chord	4/4	1	1	1/16		1/16	1	1077								
66	64	513/2	513/2	0.25	7/8	7/8	Chord	4/4	1	1	1/16		1/16	1	1078								
66	64	1027/4	1027/4	0.25	15/16	15/16	Chord	4/4	1	1	1/16		1/16	1	1079								
66	64	253	253	0.5	0	0	Chord	4/4	2	1	1/8		1/8	1	1080								
66	64	507/2	507/2	0.5	1/8	1/8	Chord	4/4	2	1	1/8		1/8	1	1081								
66	64	254	254	0.5	1/4	1/4	Chord	4/4	2	1	1/8		1/8	1	1082								
66	64	509/2	509/2	0.5	3/8	3/8	Chord	4/4	2	1	1/8		1/8	1	1083								
66	64	255	255	0.5	1/2	1/2	Chord	4/4	2	1	1/8		1/8	1	1084								
66	64	511/2	511/2	0.5	5/8	5/8	Chord	4/4	2	1	1/8		1/8	1	1085								
66	64	256	256	0.5	3/4	3/4	Chord	4/4	2	1	1/8		1/8	1	1086								
66	64	513/2	513/2	0.5	7/8	7/8	Chord	4/4	2	1	1/8		1/8	1	1087								
67	65	257	257	0.25	0	0	Chord	4/4	1	1	1/16		1/16	1	1088								
67	65	1029/4	1029/4	0.25	1/16	1/16	Chord	4/4	1	1	1/16		1/16	1	1089								
67	65	515/2	515/2	0.25	1/8	1/8	Chord	4/4	1	1	1/16		1/16	1	1090								
67	65	1031/4	1031/4	0.25	3/16	3/16	Chord	4/4	1	1	1/16		1/16	1	1091								
67	65	258	258	0.5	1/4	1/4	Chord	4/4	1	1	1/8		1/8	1	1092								
67	65	517/2	517/2	0.5	3/8	3/8	Chord	4/4	1	1	1/8		1/8	1	1093								
67	65	259	259	0.0	1/2	1/2	Chord	4/4	1	1	0	grace16	1/16	1	1094								
67	65	259	259	0.5	1/2	1/2	Chord	4/4	1	1	1/8		1/8	1	1095								
67	65	519/2	519/2	0.25	5/8	5/8	Chord	4/4	1	1	1/16		1/16	1	1096								
67	65	1039/4	1039/4	0.25	11/16	11/16	Chord	4/4	1	1	1/16		1/16	1	1097								
67	65	260	260	0.0	3/4	3/4	Chord	4/4	1	1	0	grace16	1/16	1	1098								
67	65	260	260	0.5	3/4	3/4	Chord	4/4	1	1	1/8		1/8	1	1099								
67	65	521/2	521/2	0.25	7/8	7/8	Chord	4/4	1	1	1/16		1/16	1	1100								
67	65	1043/4	1043/4	0.25	15/16	15/16	Chord	4/4	1	1	1/16		1/16	1	1101								
67	65	257	257	1.0	0	0	Chord	4/4	2	1	1/4		1/4	1	1102								
67	65	258	258	1.0	1/4	1/4	Chord	4/4	2	1	1/4		1/4	1	1103								
67	65	259	259	1.0	1/2	1/2	Chord	4/4	2	1	1/4		1/4	1	1104								
67	65	260	260	1.0	3/4	3/4	Chord	4/4	2	1	1/4		1/4	1	1105								
68	66	261	261	0.0	0	0	Dynamic	4/4	1	1	0					f							
68	66	261	261	0.5	0	0	Chord	4/4	1	1	1/8		1/8	1	1106								
68	66	523/2	523/2	0.25	1/8	1/8	Chord	4/4	1	1	1/16		1/16	1	1107								
68	66	1047/4	1047/4	0.25	3/16	3/16	Chord	4/4	1	1	1/16		1/16	1	1108								
68	66	262	262	0.25	1/4	1/4	Chord	4/4	1	1	1/16		1/16	1	1109								
68	66	1049/4	1049/4	0.25	5/16	5/16	Chord	4/4	1	1	1/16		1/16	1	1110								
68	66	525/2	525/2	0.25	3/8	3/8	Chord	4/4	1	1	1/16		1/16	1	1111								
68	66	1051/4	1051/4	0.25	7/16	7/16	Chord	4/4	1	1	1/16		1/16	1	1112								
68	66	263	263	0.25	1/2	1/2	Chord	4/4	1	1	1/16		1/16	1	1113								
68	66	1053/4	1053/4	0.25	9/16	9/16	Chord	4/4	1	1	1/16		1/16	1	1114								
68	66	527/2	527/2	0.25	5/8	5/8	Chord	4/4	1	1	1/16		1/16	1	1115								
68	66	1055/4	1055/4	0.25	11/16	11/16	Chord	4/4	1	1	1/16		1/16	1	1116								
68	66	264	264	0.0	3/4	3/4	Chord	4/4	1	1	0	grace16	1/16	1	1117								
68	66	264	264	0.5	3/4	3/4	Chord	4/4	1	1	1/8		1/8	1	1118								
68	66	529/2	529/2	0.25	7/8	7/8	Chord	4/4	1	1	1/16		1/16	1	1119								
68	66	1059/4	1059/4	0.25	15/16	15/16	Chord	4/4	1	1	1/16		1/16	1	1120								
68	66	261	261	1.0	0	0	Chord	4/4	2	1	1/4		1/4	1	1121								
69	67	265	265	0.25	0	0	Chord	4/4	1	1	1/16		1/16	1	1122								
69	67	1061/4	1061/4	0.25	1/16	1/16	Chord	4/4	1	1	1/16		1/16	1	1123								
69	67	531/2	531/2	0.25	1/8	1/8	Chord	4/4	1	1	1/16		1/16	1	1124								
69	67	1063/4	1063/4	0.25	3/16	3/16	Chord	4/4	1	1	1/16		1/16	1	1125								
69	67	266	266	0.25	1/4	1/4	Chord	4/4	1	1	1/16		1/16	1	1126								
69	67	1065/4	1065/4	0.25	5/16	5/16	Chord	4/4	1	1	1/16		1/16	1	1127								
69	67	533/2	533/2	0.25	3/8	3/8	Chord	4/4	1	1	1/16		1/16	1	1128								
69	67	1067/4	1067/4	0.25	7/16	7/16	Chord	4/4	1	1	1/16		1/16	1	1129								
69	67	267	267	0.25	1/2	1/2	Chord	4/4	1	1	1/16		1/16	1	1130								
69	67	1069/4	1069/4	0.25	9/16	9/16	Chord	4/4	1	1	1/16		1/16	1	1131								
69	67	535/2	535/2	0.25	5/8	5/8	Chord	4/4	1	1	1/16		1/16	1	1132								
69	67	1071/4	1071/4	0.25	11/16	11/16	Chord	4/4	1	1	1/16		1/16	1	1133								
69	67	268	268	0.25	3/4	3/4	Chord	4/4	1	1	1/16		1/16	1	1134								
69	67	1073/4	1073/4	0.25	13/16	13/16	Chord	4/4	1	1	1/16		1/16	1	1135								
69	67	537/2	537/2	0.25	7/8	7/8	Chord	4/4	1	1	1/16		1/16	1	1136								
69	67	1075/4	1075/4	0.25	15/16	15/16	Chord	4/4	1	1	1/16		1/16	1	1137								
69	67	265	265	1.0	0	0	Chord	4/4	2	1	1/4		1/4	1	1138								
69	67	266	266	0.5	1/4	1/4	Chord	4/4	2	1	1/8		1/8	1	1139								
69	67	533/2	533/2	0.5	3/8	3/8	Chord	4/4	2	1	1/8		1/8	1	1140								
69	67	267	267	0.5	1/2	1/2	Chord	4/4	2	1	1/8		1/8	1	1141								
69	67	535/2	535/2	0.5	5/8	5/8	Chord	4/4	2	1	1/8		1/8	1	1142								
69	67	268	268	0.5	3/4	3/4	Chord	4/4	2	1	1/8		1/8	1	1143								
69	67	537/2	537/2	0.5	7/8	7/8	Chord	4/4	2	1	1/8		1/8	1	1144								
70	68	269	269	0.5	0	0	Chord	4/4	1	1	1/8		1/8	1	1145								
70	68	539/2	539/2	0.25	1/8	1/8	Chord	4/4	1	1	1/16		1/16	1	1146								
70	68	1079/4	1079/4	0.25	3/16	3/16	Chord	4/4	1	1	1/16		1/16	1	1147								
70	68	270	270	0.25	1/4	1/4	Chord	4/4	1	1	1/16		1/16	1	1148								
70	68	1081/4	1081/4	0.25	5/16	5/16	Chord	4/4	1	1	1/16		1/16	1	1149								
70	68	541/2	541/2	0.25	3/8	3/8	Chord	4/4	1	1	1/16		1/16	1	1150								
70	68	1083/4	1083/4	0.25	7/16	7/16	Chord	4/4	1	1	1/16		1/16	1	1151								
70	68	271	271	0.25	1/2	1/2	Chord	4/4	1	1	1/16		1/16	1	1152								
70	68	1085/4	1085/4	0.25	9/16	9/16	Chord	4/4	1	1	1/16		1/16	1	1153								
70	68	543/2	543/2	0.25	5/8	5/8	Chord	4/4	1	1	1/16		1/16	1	1154								
70	68	1087/4	1087/4	0.25	11/16	11/16	Chord	4/4	1	1	1/16		1/16	1	1155								
70	68	272	272	0.0	3/4	3/4	Chord	4/4	1	1	0	grace16	1/16	1	1156								
70	68	272	272	0.5	3/4	3/4	Chord	4/4	1	1	1/8		1/8	1	1157								
70	68	545/2	545/2	0.25	7/8	7/8	Chord	4/4	1	1	1/16		1/16	1	1158								
70	68	1091/4	1091/4	0.25	15/16	15/16	Chord	4/4	1	1	1/16		1/16	1	1159								
70	68	269	269	1.0	0	0	Chord	4/4	2	1	1/4		1/4	1	1160								
71	69	273	273	0.25	0	0	Chord	4/4	1	1	1/16		1/16	1	1161								
71	69	1093/4	1093/4	0.25	1/16	1/16	Chord	4/4	1	1	1/16		1/16	1	1162								
71	69	547/2	547/2	0.25	1/8	1/8	Chord	4/4	1	1	1/16		1/16	1	1163								
71	69	1095/4	1095/4	0.25	3/16	3/16	Chord	4/4	1	1	1/16		1/16	1	1164								
71	69	274	274	0.25	1/4	1/4	Chord	4/4	1	1	1/16		1/16	1	1165								
71	69	1097/4	1097/4	0.25	5/16	5/16	Chord	4/4	1	1	1/16		1/16	1	1166								
71	69	549/2	549/2	0.25	3/8	3/8	Chord	4/4	1	1	1/16		1/16	1	1167								
71	69	1099/4	1099/4	0.25	7/16	7/16	Chord	4/4	1	1	1/16		1/16	1	1168								
71	69	275	275	0.25	1/2	1/2	Chord	4/4	1	1	1/16		1/16	1	1169								
71	69	1101/4	1101/4	0.25	9/16	9/16	Chord	4/4	1	1	1/16		1/16	1	1170								
71	69	551/2	551/2	0.25	5/8	5/8	Chord	4/4	1	1	1/16		1/16	1	1171								
71	69	1103/4	1103/4	0.25	11/16	11/16	Chord	4/4	1	1	1/16		1/16	1	1172								
71	69	276	276	0.25	3/4	3/4	Chord	4/4	1	1	1/16		1/16	1	1173								
71	69	1105/4	1105/4	0.25	13/16	13/16	Chord	4/4	1	1	1/16		1/16	1	1174								
71	69	553/2	553/2	0.25	7/8	7/8	Chord	4/4	1	1	1/16		1/16	1	1175								
71	69	1107/4	1107/4	0.25	15/16	15/16	Chord	4/4	1	1	1/16		1/16	1	1176								
71	69	273	273	1.0	0	0	Chord	4/4	2	1	1/4		1/4	1	1177								
71	69	274	274	0.5	1/4	1/4	Chord	4/4	2	1	1/8		1/8	1	1178								
71	69	549/2	549/2	0.5	3/8	3/8	Chord	4/4	2	1	1/8		1/8	1	1179								
71	69	275	275	0.5	1/2	1/2	Chord	4/4	2	1	1/8		1/8	1	1180								
71	69	551/2	551/2	0.5	5/8	5/8	Chord	4/4	2	1	1/8		1/8	1	1181								
71	69	276	276	0.5	3/4	3/4	Chord	4/4	2	1	1/8		1/8	1	1182								
71	69	553/2	553/2	0.5	7/8	7/8	Chord	4/4	2	1	1/8		1/8	1	1183								
72	70	277	277	1.0	0	0	Chord	4/4	1	1	1/4		1/4	1	1184								
72	70	1113/4	1113/4	0.25	5/16	5/16	Chord	4/4	1	1	1/16		1/16	1	1185								
72	70	557/2	557/2	0.25	3/8	3/8	Chord	4/4	1	1	1/16		1/16	1	1186								
72	70	1115/4	1115/4	0.25	7/16	7/16	Chord	4/4	1	1	1/16		1/16	1	1187								
72	70	279	279	0.25	1/2	1/2	Chord	4/4	1	1	1/16		1/16	1	1188								
72	70	1117/4	1117/4	0.25	9/16	9/16	Chord	4/4	1	1	1/16		1/16	1	1189								
72	70	559/2	559/2	0.25	5/8	5/8	Chord	4/4	1	1	1/16		1/16	1	1190								
72	70	1119/4	1119/4	0.25	11/16	11/16	Chord	4/4	1	1	1/16		1/16	1	1191								
72	70	280	280	0.25	3/4	3/4	Chord	4/4	1	1	1/16		1/16	1	1192								
72	70	1121/4	1121/4	0.25	13/16	13/16	Chord	4/4	1	1	1/16		1/16	1	1193								
72	70	561/2	561/2	0.25	7/8	7/8	Chord	4/4	1	1	1/16		1/16	1	1194								
72	70	1123/4	1123/4	0.25	15/16	15/16	Chord	4/4	1	1	1/16		1/16	1	1195								
72	70	1109/4	1109/4	0.25	1/16	1/16	Chord	4/4	2	1	1/16		1/16	1	1196								
72	70	555/2	555/2	0.25	1/8	1/8	Chord	4/4	2	1	1/16		1/16	1	1197								
72	70	1111/4	1111/4	0.25	3/16	3/16	Chord	4/4	2	1	1/16		1/16	1	1198								
72	70	278	278	1.0	1/4	1/4	Chord	4/4	2	1	1/4		1/4	1	1199								
73	71	281	281	1.0	0	0	Chord	4/4	1	1	1/4		1/4	1	1200								
73	71	1129/4	1129/4	0.25	5/16	5/16	Chord	4/4	1	1	1/16		1/16	1	1201								
73	71	565/2	565/2	0.25	3/8	3/8	Chord	4/4	1	1	1/16		1/16	1	1202								
73	71	1131/4	1131/4	0.25	7/16	7/16	Chord	4/4	1	1	1/16		1/16	1	1203								
73	71	283	283	0.25	1/2	1/2	Chord	4/4	1	1	1/16		1/16	1	1204								
73	71	1133/4	1133/4	0.25	9/16	9/16	Chord	4/4	1	1	1/16		1/16	1	1205								
73	71	567/2	567/2	0.25	5/8	5/8	Chord	4/4	1	1	1/16		1/16	1	1206								
73	71	1135/4	1135/4	0.25	11/16	11/16	Chord	4/4	1	1	1/16		1/16	1	1207								
73	71	284	284	0.25	3/4	3/4	Chord	4/4	1	1	1/16		1/16	1	1208								
73	71	1137/4	1137/4	0.25	13/16	13/16	Chord	4/4	1	1	1/16		1/16	1	1209								
73	71	569/2	569/2	0.25	7/8	7/8	Chord	4/4	1	1	1/16		1/16	1	1210								
73	71	1139/4	1139/4	0.25	15/16	15/16	Chord	4/4	1	1	1/16		1/16	1	1211								
73	71	1125/4	1125/4	0.25	1/16	1/16	Chord	4/4	2	1	1/16		1/16	1	1212								
73	71	563/2	563/2	0.25	1/8	1/8	Chord	4/4	2	1	1/16		1/16	1	1213								
73	71	1127/4	1127/4	0.25	3/16	3/16	Chord	4/4	2	1	1/16		1/16	1	1214								
73	71	282	282	1.0	1/4	1/4	Chord	4/4	2	1	1/4		1/4	1	1215								
74	72	285	285	1.0	0	0	Chord	4/4	1	1	1/4		1/4	1	1216								
74	72	286	286	0.0	1/4	1/4	Dynamic	4/4	1	1	0					p							
74	72	286	286	0.75	1/4	1/4	Chord	4/4	1	1	3/16		1/8	3/2	1217								22
74	72	1147/4	1147/4	0.125	7/16	7/16	Chord	4/4	1	1	1/32		1/32	1	1218								22
74	72	2295/8	2295/8	0.125	15/32	15/32	Chord	4/4	1	1	1/32		1/32	1	1219								
74	72	287	287	0.5	1/2	1/2	Chord	4/4	1	1	1/8		1/8	1	1220								
74	72	288	288	0.75	3/4	3/4	Chord	4/4	1	1	3/16		1/8	3/2	1221								23
74	72	1155/4	1155/4	0.125	15/16	15/16	Chord	4/4	1	1	1/32		1/32	1	1222								23
74	72	2311/8	2311/8	0.125	31/32	31/32	Chord	4/4	1	1	1/32		1/32	1	1223								
74	72	285	285	0.25	0	0	Chord	4/4	2	1	1/16		1/16	1	1224								
74	72	1141/4	1141/4	0.25	1/16	1/16	Chord	4/4	2	1	1/16		1/16	1	1225								
74	72	571/2	571/2	0.25	1/8	1/8	Chord	4/4	2	1	1/16		1/16	1	1226								
74	72	1143/4	1143/4	0.25	3/16	3/16	Chord	4/4	2	1	1/16		1/16	1	1227								
74	72	286	286	0.25	1/4	1/4	Chord	4/4	2	1	1/16		1/16	1	1228								
74	72	1145/4	1145/4	0.25	5/16	5/16	Chord	4/4	2	1	1/16		1/16	1	1229								
74	72	573/2	573/2	0.25	3/8	3/8	Chord	4/4	2	1	1/16		1/16	1	1230								
74	72	1147/4	1147/4	0.25	7/16	7/16	Chord	4/4	2	1	1/16		1/16	1	1231								
74	72	287	287	0.25	1/2	1/2	Chord	4/4	2	1	1/16		1/16	1	1232								
74	72	1149/4	1149/4	0.25	9/16	9/16	Chord	4/4	2	1	1/16		1/16	1	1233								
74	72	575/2	575/2	0.25	5/8	5/8	Chord	4/4	2	1	1/16		1/16	1	1234								
74	72	1151/4	1151/4	0.25	11/16	11/16	Chord	4/4	2	1	1/16		1/16	1	1235								
74	72	288	288	0.25	3/4	3/4	Chord	4/4	2	1	1/16		1/16	1	1236								
74	72	1153/4	1153/4	0.25	13/16	13/16	Chord	4/4	2	1	1/16		1/16	1	1237								
74	72	577/2	577/2	0.25	7/8	7/8	Chord	4/4	2	1	1/16		1/16	1	1238								
74	72	1155/4	1155/4	0.25	15/16	15/16	Chord	4/4	2	1	1/16		1/16	1	1239								
75	73	289	289	0.5	0	0	Chord	4/4	1	1	1/8		1/8	1	1240								
75	73	290	290	0.75	1/4	1/4	Chord	4/4	1	1	3/16		1/8	3/2	1241								
75	73	1163/4	1163/4	0.125	7/16	7/16	Chord	4/4	1	1	1/32		1/32	1	1242								
75	73	2327/8	2327/8	0.125	15/32	15/32	Chord	4/4	1	1	1/32		1/32	1	1243								
75	73	291	291	0.5	1/2	1/2	Chord	4/4	1	1	1/8		1/8	1	1244								
75	73	292	292	0.75	3/4	3/4	Chord	4/4	1	1	3/16		1/8	3/2	1245								
75	73	1171/4	1171/4	0.125	15/16	15/16	Chord	4/4	1	1	1/32		1/32	1	1246								
75	73	2343/8	2343/8	0.125	31/32	31/32	Chord	4/4	1	1	1/32		1/32	1	1247								
75	73	289	289	0.25	0	0	Chord	4/4	2	1	1/16		1/16	1	1248								
75	73	1157/4	1157/4	0.25	1/16	1/16	Chord	4/4	2	1	1/16		1/16	1	1249								
75	73	579/2	579/2	0.25	1/8	1/8	Chord	4/4	2	1	1/16		1/16	1	1250								
75	73	1159/4	1159/4	0.25	3/16	3/16	Chord	4/4	2	1	1/16		1/16	1	1251								
75	73	290	290	0.25	1/4	1/4	Chord	4/4	2	1	1/16		1/16	1	1252								
75	73	1161/4	1161/4	0.25	5/16	5/16	Chord	4/4	2	1	1/16		1/16	1	1253								
75	73	581/2	581/2	0.25	3/8	3/8	Chord	4/4	2	1	1/16		1/16	1	1254								
75	73	1163/4	1163/4	0.25	7/16	7/16	Chord	4/4	2	1	1/16		1/16	1	1255								
75	73	291	291	0.25	1/2	1/2	Chord	4/4	2	1	1/16		1/16	1	1256								
75	73	1165/4	1165/4	0.25	9/16	9/16	Chord	4/4	2	1	1/16		1/16	1	1257								
75	73	583/2	583/2	0.25	5/8	5/8	Chord	4/4	2	1	1/16		1/16	1	1258								
75	73	1167/4	1167/4	0.25	11/16	11/16	Chord	4/4	2	1	1/16		1/16	1	1259								
75	73	292	292	0.25	3/4	3/4	Chord	4/4	2	1	1/16		1/16	1	1260								
75	73	1169/4	1169/4	0.25	13/16	13/16	Chord	4/4	2	1	1/16		1/16	1	1261								
75	73	585/2	585/2	0.25	7/8	7/8	Chord	4/4	2	1	1/16		1/16	1	1262								
75	73	1171/4	1171/4	0.25	15/16	15/16	Chord	4/4	2	1	1/16		1/16	1	1263								
76	74	293	293	0.25	0	0	Chord	4/4	1	1	1/16		1/16	1	1264								
76	74	1173/4	1173/4	0.25	1/16	1/16	Chord	4/4	1	1	1/16		1/16	1	1265								
76	74	587/2	587/2	0.25	1/8	1/8	Chord	4/4	1	1	1/16		1/16	1	1266								
76	74	1175/4	1175/4	0.25	3/16	3/16	Chord	4/4	1	1	1/16		1/16	1	1267								
76	74	294	294	0.25	1/4	1/4	Chord	4/4	1	1	1/16		1/16	1	1268								
76	74	1177/4	1177/4	0.25	5/16	5/16	Chord	4/4	1	1	1/16		1/16	1	1269								
76	74	589/2	589/2	0.25	3/8	3/8	Chord	4/4	1	1	1/16		1/16	1	1270								
76	74	1179/4	1179/4	0.25	7/16	7/16	Chord	4/4	1	1	1/16		1/16	1	1271								
76	74	295	295	0.25	1/2	1/2	Chord	4/4	1	1	1/16		1/16	1	1272								
76	74	1181/4	1181/4	0.25	9/16	9/16	Chord	4/4	1	1	1/16		1/16	1	1273								
76	74	591/2	591/2	0.25	5/8	5/8	Chord	4/4	1	1	1/16		1/16	1	1274								
76	74	1183/4	1183/4	0.25	11/16	11/16	Chord	4/4	1	1	1/16		1/16	1	1275								
76	74	296	296	0.5	3/4	3/4	Chord	4/4	1	1	1/8		1/8	1	1276								
76	74	593/2	593/2	0.0	7/8	7/8	Dynamic	4/4	1	1	0					f							
76	74	593/2	593/2	0.5	7/8	7/8	Chord	4/4	1	1	1/8		1/8	1	1277								
76	74	293	293	1.0	0	0	Chord	4/4	2	1	1/4		1/4	1	1278								
77	75	297	297	2.0	0	0	Chord	4/4	1	1	1/2		1/2	1	1279								
77	75	299	299	2.0	1/2	1/2	Chord	4/4	1	1	1/2		1/2	1	1280		ornamentTrill						
77	75	297	297	0.5	0	0	Chord	4/4	2	1	1/8		1/8	1	1281								
77	75	595/2	595/2	0.5	1/8	1/8	Chord	4/4	2	1	1/8		1/8	1	1282								
77	75	298	298	0.5	1/4	1/4	Chord	4/4	2	1	1/8		1/8	1	1283								
77	75	597/2	597/2	0.5	3/8	3/8	Chord	4/4	2	1	1/8		1/8	1	1284								
77	75	299	299	0.5	1/2	1/2	Chord	4/4	2	1	1/8		1/8	1	1285								
77	75	599/2	599/2	0.5	5/8	5/8	Chord	4/4	2	1	1/8		1/8	1	1286								
77	75	300	300	0.5	3/4	3/4	Chord	4/4	2	1	1/8		1/8	1	1287								
77	75	601/2	601/2	0.5	7/8	7/8	Chord	4/4	2	1	1/8		1/8	1	1288								
78	76	301	301	0.5	0	0	Chord	4/4	1	1	1/8		1/8	1	1289								
78	76	603/2	603/2	0.25	1/8	1/8	Chord	4/4	1	1	1/16		1/16	1	1290								
78	76	1207/4	1207/4	0.25	3/16	3/16	Chord	4/4	1	1	1/16		1/16	1	1291								
78	76	302	302	0.5	1/4	1/4	Chord	4/4	1	1	1/8		1/8	1	1292								
78	76	605/2	605/2	0.5	3/8	3/8	Chord	4/4	1	1	1/8		1/8	1	1293								
78	76	303	303	1.0	1/2	1/2	Chord	4/4	1	1	1/4		1/4	1	1294								
78	76	304	304	0.0	3/4	3/4	Chord	4/4	1	1	0	grace16	1/16	1	1295								
78	76	304	304	0.5	3/4	3/4	Chord	4/4	1	1	1/8		1/8	1	1296								
78	76	609/2	609/2	0.25	7/8	7/8	Chord	4/4	1	1	1/16		1/16	1	1297								
78	76	1219/4	1219/4	0.25	15/16	15/16	Chord	4/4	1	1	1/16		1/16	1	1298								
78	76	301	301	1.0	0	0	Chord	4/4	2	1	1/4		1/4	1	1299								
78	76	607/2	607/2	0.5	5/8	5/8	Chord	4/4	2	1	1/8		1/8	1	1300								
78	76	304	304	0.0	3/4	3/4	Dynamic	4/4	2	1	0					p							
78	76	304	304	0.5	3/4	3/4	Chord	4/4	2	1	1/8		1/8	1	1301								
78	76	609/2	609/2	0.5	7/8	7/8	Chord	4/4	2	1	1/8		1/8	1	1302								
79	77	305	305	1.0	0	0	Chord	4/4	1	1	1/4		1/4	1	1303								
79	77	306	306	1.0	1/4	1/4	Chord	4/4	1	1	1/4		1/4	1	1304								
79	77	307	307	0.0	1/2	1/2	Chord	4/4	1	1	0	grace16	1/16	1	1305								
79	77	307	307	1.0	1/2	1/2	Chord	4/4	1	1	1/4		1/4	1	1306								
79	77	308	308	0.25	3/4	3/4	Chord	4/4	1	1	1/16		1/16	1	1307								
79	77	1233/4	1233/4	0.75	13/16	13/16	Chord	4/4	1	1	3/16		1/8	3/2	1308								
79	77	305	305	0.5	0	0	Chord	4/4	2	1	1/8		1/8	1	1309								
79	77	611/2	611/2	0.5	1/8	1/8	Chord	4/4	2	1	1/8		1/8	1	1310								
79	77	306	306	0.5	1/4	1/4	Chord	4/4	2	1	1/8		1/8	1	1311								
79	77	613/2	613/2	0.5	3/8	3/8	Chord	4/4	2	1	1/8		1/8	1	1312								
79	77	307	307	0.5	1/2	1/2	Chord	4/4	2	1	1/8		1/8	1	1313								
79	77	615/2	615/2	0.5	5/8	5/8	Chord	4/4	2	1	1/8		1/8	1	1314								
79	77	308	308	0.5	3/4	3/4	Chord	4/4	2	1	1/8		1/8	1	1315								
79	77	617/2	617/2	0.5	7/8	7/8	Chord	4/4	2	1	1/8		1/8	1	1316								
80	78	309	309	0.5	0	0	Chord	4/4	1	1	1/8		1/8	1	1317								
80	78	619/2	619/2	0.25	1/8	1/8	Chord	4/4	1	1	1/16		1/16	1	1318								
80	78	1239/4	1239/4	0.25	3/16	3/16	Chord	4/4	1	1	1/16		1/16	1	1319								
80	78	310	310	0.5	1/4	1/4	Chord	4/4	1	1	1/8		1/8	1	1320								
80	78	621/2	621/2	0.5	3/8	3/8	Chord	4/4	1	1	1/8		1/8	1	1321								
80	78	311	311	1.0	1/2	1/2	Chord	4/4	1	1	1/4		1/4	1	1322								
80	78	312	312	0.0	3/4	3/4	Chord	4/4	1	1	0	grace16	1/16	1	1323								
80	78	312	312	0.5	3/4	3/4	Chord	4/4	1	1	1/8		1/8	1	1324								
80	78	625/2	625/2	0.25	7/8	7/8	Chord	4/4	1	1	1/16		1/16	1	1325								
80	78	1251/4	1251/4	0.25	15/16	15/16	Chord	4/4	1	1	1/16		1/16	1	1326								
80	78	309	309	1.0	0	0	Chord	4/4	2	1	1/4		1/4	1	1327								
80	78	623/2	623/2	0.5	5/8	5/8	Chord	4/4	2	1	1/8		1/8	1	1328								
80	78	312	312	0.0	3/4	3/4	Dynamic	4/4	2	1	0					p							
80	78	312	312	0.5	3/4	3/4	Chord	4/4	2	1	1/8		1/8	1	1329								
80	78	625/2	625/2	0.5	7/8	7/8	Chord	4/4	2	1	1/8		1/8	1	1330								
80	78	309	309	0.0	0	0	Dynamic	4/4	2	2	0					f							
80	78	309	309	1.0	0	0	Chord	4/4	2	2	1/4		1/4	1	1331								
81	79	313	313	1.0	0	0	Chord	4/4	1	1	1/4		1/4	1	1332								
81	79	314	314	1.0	1/4	1/4	Chord	4/4	1	1	1/4		1/4	1	1333								
81	79	315	315	0.0	1/2	1/2	Chord	4/4	1	1	0	grace16	1/16	1	1334								
81	79	315	315	1.0	1/2	1/2	Chord	4/4	1	1	1/4		1/4	1	1335								
81	79	316	316	0.25	3/4	3/4	Chord	4/4	1	1	1/16		1/16	1	1336								
81	79	1265/4	1265/4	0.75	13/16	13/16	Chord	4/4	1	1	3/16		1/8	3/2	1337								
81	79	313	313	0.5	0	0	Chord	4/4	2	1	1/8		1/8	1	1338								
81	79	627/2	627/2	0.5	1/8	1/8	Chord	4/4	2	1	1/8		1/8	1	1339								
81	79	314	314	0.5	1/4	1/4	Chord	4/4	2	1	1/8		1/8	1	1340								
81	79	629/2	629/2	0.5	3/8	3/8	Chord	4/4	2	1	1/8		1/8	1	1341								
81	79	315	315	0.5	1/2	1/2	Chord	4/4	2	1	1/8		1/8	1	1342								
81	79	631/2	631/2	0.5	5/8	5/8	Chord	4/4	2	1	1/8		1/8	1	1343								
81	79	316	316	0.5	3/4	3/4	Chord	4/4	2	1	1/8		1/8	1	1344								
81	79	633/2	633/2	0.5	7/8	7/8	Chord	4/4	2	1	1/8		1/8	1	1345								
82	80	317	317	0.5	0	0	Chord	4/4	1	1	1/8		1/8	1	1346								
82	80	1271/4	1271/4	0.25	3/16	3/16	Chord	4/4	1	1	1/16		1/16	1	1347								
82	80	1273/4	1273/4	0.25	5/16	5/16	Chord	4/4	1	1	1/16		1/16	1	1348								
82	80	1275/4	1275/4	0.25	7/16	7/16	Chord	4/4	1	1	1/16		1/16	1	1349								
82	80	1277/4	1277/4	0.25	9/16	9/16	Chord	4/4	1	1	1/16		1/16	1	1350								
82	80	1279/4	1279/4	0.25	11/16	11/16	Chord	4/4	1	1	1/16		1/16	1	1351								
82	80	1281/4	1281/4	0.25	13/16	13/16	Chord	4/4	1	1	1/16		1/16	1	1352								
82	80	1283/4	1283/4	0.25	15/16	15/16	Chord	4/4	1	1	1/16		1/16	1	1353								
82	80	317	317	0.5	0	0	Chord	4/4	2	1	1/8		1/8	1	1354								
82	80	635/2	635/2	0.5	1/8	1/8	Chord	4/4	2	1	1/8		1/8	1	1355								
82	80	318	318	0.5	1/4	1/4	Chord	4/4	2	1	1/8		1/8	1	1356								
82	80	637/2	637/2	0.5	3/8	3/8	Chord	4/4	2	1	1/8		1/8	1	1357								
82	80	319	319	0.5	1/2	1/2	Chord	4/4	2	1	1/8		1/8	1	1358								
82	80	639/2	639/2	0.5	5/8	5/8	Chord	4/4	2	1	1/8		1/8	1	1359								
82	80	320	320	0.5	3/4	3/4	Chord	4/4	2	1	1/8		1/8	1	1360								
82	80	641/2	641/2	0.5	7/8	7/8	Chord	4/4	2	1	1/8		1/8	1	1361								
83	81	321	321	2.0	0	0	Chord	4/4	1	1	1/2		1/2	1	1362								24
83	81	323	323	1.0	1/2	1/2	Chord	4/4	1	1	1/4		1/4	1	1363								
83	81	321	321	2.0	0	0	Chord	4/4	2	1	1/2		1/2	1	1364								25
83	81	323	323	1.0	1/2	1/2	Chord	4/4	2	1	1/4		1/4	1	1365								
83	81	321	321	2.0	0	0	Chord	4/4	2	2	1/2		1/2	1	1366								26
83	81	323	323	1.0	1/2	1/2	Chord	4/4	2	2	1/4		1/4	1	1367								
