mc	mn	quarterbeats	quarterbeats_all_endings	duration_qb	mc_onset	mn_onset	event	timesig	staff	voice	duration	gracenote	nominal_duration	scalar	chord_id	dynamics	articulation	staff_text	tempo	qpm	metronome_base	metronome_number	tempo_visible	slur
1	1	0	0	0.0	0	0	Tempo	3/4	1	1	0								ùÖü=120	120.0	ùÖü	120.0	0.0	
1	1	0	0	1.0	0	0	Chord	3/4	1	1	1/4		1/4	1	0									0
1	1	1	1	1.0	1/4	1/4	Chord	3/4	1	1	1/4		1/4	1	1									0
1	1	2	2	1.0	1/2	1/2	Chord	3/4	1	1	1/4		1/4	1	2									
1	1	0	0	0.0	0	0	StaffText	3/4	2	1	0							legati						
1	1	0	0	0.5	0	0	Chord	3/4	2	1	1/8		1/8	1	3									1
1	1	1/2	1/2	0.5	1/8	1/8	Chord	3/4	2	1	1/8		1/8	1	4									
1	1	1	1	0.5	1/4	1/4	Chord	3/4	2	1	1/8		1/8	1	5									2
1	1	3/2	3/2	0.5	3/8	3/8	Chord	3/4	2	1	1/8		1/8	1	6									
1	1	2	2	0.5	1/2	1/2	Chord	3/4	2	1	1/8		1/8	1	7									3
1	1	5/2	5/2	0.5	5/8	5/8	Chord	3/4	2	1	1/8		1/8	1	8									
2	2	3	3	2.0	0	0	Chord	3/4	1	1	1/2		1/2	1	9									
2	2	5	5	0.75	1/2	1/2	Chord	3/4	1	1	3/16		1/8	3/2	10									
2	2	23/4	23/4	0.25	11/16	11/16	Chord	3/4	1	1	1/16		1/16	1	11									
2	2	3	3	0.5	0	0	Chord	3/4	2	1	1/8		1/8	1	12									4
2	2	7/2	7/2	0.5	1/8	1/8	Chord	3/4	2	1	1/8		1/8	1	13									4
2	2	4	4	0.5	1/4	1/4	Chord	3/4	2	1	1/8		1/8	1	14									4
2	2	9/2	9/2	0.5	3/8	3/8	Chord	3/4	2	1	1/8		1/8	1	15									4
2	2	5	5	0.5	1/2	1/2	Chord	3/4	2	1	1/8		1/8	1	16									4
2	2	11/2	11/2	0.5	5/8	5/8	Chord	3/4	2	1	1/8		1/8	1	17									
3	3	6	6	0.0	0	0	Chord	3/4	1	1	0	appoggiatura	1/8	1	18									
3	3	6	6	1.0	0	0	Chord	3/4	1	1	1/4		1/4	1	19									
3	3	7	7	0.0	1/4	1/4	Chord	3/4	1	1	0	appoggiatura	1/8	1	20									
3	3	7	7	1.0	1/4	1/4	Chord	3/4	1	1	1/4		1/4	1	21									
3	3	8	8	0.0	1/2	1/2	Chord	3/4	1	1	0	appoggiatura	1/8	1	22									
3	3	8	8	1.0	1/2	1/2	Chord	3/4	1	1	1/4		1/4	1	23									
3	3	6	6	0.5	0	0	Chord	3/4	2	1	1/8		1/8	1	24									5
3	3	13/2	13/2	0.5	1/8	1/8	Chord	3/4	2	1	1/8		1/8	1	25									
3	3	7	7	0.5	1/4	1/4	Chord	3/4	2	1	1/8		1/8	1	26									6
3	3	15/2	15/2	0.5	3/8	3/8	Chord	3/4	2	1	1/8		1/8	1	27									
3	3	8	8	0.5	1/2	1/2	Chord	3/4	2	1	1/8		1/8	1	28									7
3	3	17/2	17/2	0.5	5/8	5/8	Chord	3/4	2	1	1/8		1/8	1	29									
4	4	9	9	0.0	0	0	Chord	3/4	1	1	0	grace16	1/16	1	30									
4	4	9	9	0.0	0	0	Chord	3/4	1	1	0	grace16	1/16	1	31									
4	4	9	9	0.0	0	0	Chord	3/4	1	1	0	grace16	1/16	1	32									
4	4	9	9	2.0	0	0	Chord	3/4	1	1	1/2		1/2	1	33									
4	4	11	11	0.75	1/2	1/2	Chord	3/4	1	1	3/16		1/8	3/2	34		ornamentTrill							
4	4	47/4	47/4	0.25	11/16	11/16	Chord	3/4	1	1	1/16		1/16	1	35									
4	4	9	9	0.5	0	0	Chord	3/4	2	1	1/8		1/8	1	36									8
4	4	19/2	19/2	0.5	1/8	1/8	Chord	3/4	2	1	1/8		1/8	1	37									8
4	4	10	10	0.5	1/4	1/4	Chord	3/4	2	1	1/8		1/8	1	38									8
4	4	21/2	21/2	0.5	3/8	3/8	Chord	3/4	2	1	1/8		1/8	1	39									8
4	4	11	11	0.5	1/2	1/2	Chord	3/4	2	1	1/8		1/8	1	40									8
4	4	23/2	23/2	0.5	5/8	5/8	Chord	3/4	2	1	1/8		1/8	1	41									
5	5	12	12	1.0	0	0	Chord	3/4	1	1	1/4		1/4	1	42									
5	5	13	13	0.25	1/4	1/4	Chord	3/4	1	1	1/16		1/16	1	43		ornamentTrill							
5	5	53/4	53/4	0.75	5/16	5/16	Chord	3/4	1	1	3/16		1/8	3/2	44									
5	5	14	14	0.25	1/2	1/2	Chord	3/4	1	1	1/16		1/16	1	45		ornamentTrill							
5	5	57/4	57/4	0.75	9/16	9/16	Chord	3/4	1	1	3/16		1/8	3/2	46									
5	5	12	12	0.5	0	0	Chord	3/4	2	1	1/8		1/8	1	47									9
5	5	25/2	25/2	0.5	1/8	1/8	Chord	3/4	2	1	1/8		1/8	1	48									
5	5	13	13	0.5	1/4	1/4	Chord	3/4	2	1	1/8		1/8	1	49									10
5	5	27/2	27/2	0.5	3/8	3/8	Chord	3/4	2	1	1/8		1/8	1	50									
5	5	14	14	0.5	1/2	1/2	Chord	3/4	2	1	1/8		1/8	1	51									11
5	5	29/2	29/2	0.5	5/8	5/8	Chord	3/4	2	1	1/8		1/8	1	52									
6	6	15	15	0.75	0	0	Chord	3/4	1	1	3/16		1/8	3/2	53									
6	6	63/4	63/4	0.125	3/16	3/16	Chord	3/4	1	1	1/32		1/32	1	54									
6	6	127/8	127/8	0.125	7/32	7/32	Chord	3/4	1	1	1/32		1/32	1	55									
6	6	16	16	1.0	1/4	1/4	Chord	3/4	1	1	1/4		1/4	1	56									
6	6	17	17	1.0	1/2	1/2	Chord	3/4	1	1	1/4		1/4	1	57		ornamentTrill							
6	6	15	15	0.5	0	0	Chord	3/4	2	1	1/8		1/8	1	58									12
6	6	31/2	31/2	0.5	1/8	1/8	Chord	3/4	2	1	1/8		1/8	1	59									
6	6	16	16	0.5	1/4	1/4	Chord	3/4	2	1	1/8		1/8	1	60									13
6	6	33/2	33/2	0.5	3/8	3/8	Chord	3/4	2	1	1/8		1/8	1	61									
6	6	17	17	0.5	1/2	1/2	Chord	3/4	2	1	1/8		1/8	1	62									14
6	6	35/2	35/2	0.5	5/8	5/8	Chord	3/4	2	1	1/8		1/8	1	63									
7	7	18	18	0.75	0	0	Chord	3/4	1	1	3/16		1/8	3/2	64									
7	7	75/4	75/4	0.25	3/16	3/16	Chord	3/4	1	1	1/16		1/16	1	65									
7	7	19	19	0.5	1/4	1/4	Chord	3/4	1	1	1/8		1/8	1	66									
7	7	39/2	39/2	0.5	3/8	3/8	Chord	3/4	1	1	1/8		1/8	1	67									
7	7	20	20	0.5	1/2	1/2	Chord	3/4	1	1	1/8		1/8	1	68									
7	7	41/2	41/2	0.5	5/8	5/8	Chord	3/4	1	1	1/8		1/8	1	69									
7	7	18	18	0.5	0	0	Chord	3/4	2	1	1/8		1/8	1	70									15
7	7	37/2	37/2	0.5	1/8	1/8	Chord	3/4	2	1	1/8		1/8	1	71									
7	7	19	19	0.5	1/4	1/4	Chord	3/4	2	1	1/8		1/8	1	72									16
7	7	39/2	39/2	0.5	3/8	3/8	Chord	3/4	2	1	1/8		1/8	1	73									
7	7	20	20	0.5	1/2	1/2	Chord	3/4	2	1	1/8		1/8	1	74									17
7	7	41/2	41/2	0.5	5/8	5/8	Chord	3/4	2	1	1/8		1/8	1	75									
8	8	21	21	0.0	0	0	Chord	3/4	1	1	0	appoggiatura	1/8	1	76									
8	8	21	21	1.0	0	0	Chord	3/4	1	1	1/4		1/4	1	77		ornamentTrill							
8	8	22	22	1.0	1/4	1/4	Chord	3/4	1	1	1/4		1/4	1	78									
8	8	21	21	0.5	0	0	Chord	3/4	2	1	1/8		1/8	1	79									
8	8	43/2	43/2	0.5	1/8	1/8	Chord	3/4	2	1	1/8		1/8	1	80									
8	8	22	22	0.5	1/4	1/4	Chord	3/4	2	1	1/8		1/8	1	81									
8	8	45/2	45/2	0.5	3/8	3/8	Chord	3/4	2	1	1/8		1/8	1	82									
8	8	23	23	0.5	1/2	1/2	Chord	3/4	2	1	1/8		1/8	1	83									
8	8	47/2	47/2	0.5	5/8	5/8	Chord	3/4	2	1	1/8		1/8	1	84									
9	9	24	24	0.0	0	0	Dynamic	3/4	1	1	0					p								
9	9	24	24	0.75	0	0	Chord	3/4	1	1	3/16		1/8	3/2	85									18
9	9	99/4	99/4	0.125	3/16	3/16	Chord	3/4	1	1	1/32		1/32	1	86									18
9	9	199/8	199/8	0.125	7/32	7/32	Chord	3/4	1	1	1/32		1/32	1	87									18
9	9	25	25	1.0	1/4	1/4	Chord	3/4	1	1	1/4		1/4	1	88									
9	9	26	26	1.0	1/2	1/2	Chord	3/4	1	1	1/4		1/4	1	89									
9	9	24	24	0.5	0	0	Chord	3/4	2	1	1/8		1/8	1	90									19
9	9	49/2	49/2	0.5	1/8	1/8	Chord	3/4	2	1	1/8		1/8	1	91									
9	9	25	25	0.5	1/4	1/4	Chord	3/4	2	1	1/8		1/8	1	92									20
9	9	51/2	51/2	0.5	3/8	3/8	Chord	3/4	2	1	1/8		1/8	1	93									
9	9	26	26	0.5	1/2	1/2	Chord	3/4	2	1	1/8		1/8	1	94									21
9	9	53/2	53/2	0.5	5/8	5/8	Chord	3/4	2	1	1/8		1/8	1	95									
10	10	27	27	2.0	0	0	Chord	3/4	1	1	1/2		1/2	1	96									
10	10	29	29	0.75	1/2	1/2	Chord	3/4	1	1	3/16		1/8	3/2	97									
10	10	119/4	119/4	0.25	11/16	11/16	Chord	3/4	1	1	1/16		1/16	1	98									
10	10	27	27	0.5	0	0	Chord	3/4	2	1	1/8		1/8	1	99									22
10	10	55/2	55/2	0.5	1/8	1/8	Chord	3/4	2	1	1/8		1/8	1	100									22
10	10	28	28	0.5	1/4	1/4	Chord	3/4	2	1	1/8		1/8	1	101									22
10	10	57/2	57/2	0.5	3/8	3/8	Chord	3/4	2	1	1/8		1/8	1	102									22
10	10	29	29	0.5	1/2	1/2	Chord	3/4	2	1	1/8		1/8	1	103									22
10	10	59/2	59/2	0.5	5/8	5/8	Chord	3/4	2	1	1/8		1/8	1	104									
11	11	30	30	0.0	0	0	Chord	3/4	1	1	0	appoggiatura	1/8	1	105									
11	11	30	30	1.0	0	0	Chord	3/4	1	1	1/4		1/4	1	106									
11	11	31	31	0.0	1/4	1/4	Chord	3/4	1	1	0	appoggiatura	1/8	1	107									
11	11	31	31	1.0	1/4	1/4	Chord	3/4	1	1	1/4		1/4	1	108									
11	11	32	32	0.0	1/2	1/2	Chord	3/4	1	1	0	appoggiatura	1/8	1	109									
11	11	32	32	1.0	1/2	1/2	Chord	3/4	1	1	1/4		1/4	1	110									
11	11	30	30	0.5	0	0	Chord	3/4	2	1	1/8		1/8	1	111									23
11	11	61/2	61/2	0.5	1/8	1/8	Chord	3/4	2	1	1/8		1/8	1	112									
11	11	31	31	0.5	1/4	1/4	Chord	3/4	2	1	1/8		1/8	1	113									24
11	11	63/2	63/2	0.5	3/8	3/8	Chord	3/4	2	1	1/8		1/8	1	114									
11	11	32	32	0.5	1/2	1/2	Chord	3/4	2	1	1/8		1/8	1	115									25
11	11	65/2	65/2	0.5	5/8	5/8	Chord	3/4	2	1	1/8		1/8	1	116									
12	12	33	33	0.0	0	0	Chord	3/4	1	1	0	grace16	1/16	1	117									
12	12	33	33	0.0	0	0	Chord	3/4	1	1	0	grace16	1/16	1	118									
12	12	33	33	0.0	0	0	Chord	3/4	1	1	0	grace16	1/16	1	119									
12	12	33	33	2.0	0	0	Chord	3/4	1	1	1/2		1/2	1	120									
12	12	35	35	0.75	1/2	1/2	Chord	3/4	1	1	3/16		1/8	3/2	121		ornamentTrill							
12	12	143/4	143/4	0.25	11/16	11/16	Chord	3/4	1	1	1/16		1/16	1	122									
12	12	33	33	0.5	0	0	Chord	3/4	2	1	1/8		1/8	1	123									26
12	12	67/2	67/2	0.5	1/8	1/8	Chord	3/4	2	1	1/8		1/8	1	124									26
12	12	34	34	0.5	1/4	1/4	Chord	3/4	2	1	1/8		1/8	1	125									26
12	12	69/2	69/2	0.5	3/8	3/8	Chord	3/4	2	1	1/8		1/8	1	126									26
12	12	35	35	0.5	1/2	1/2	Chord	3/4	2	1	1/8		1/8	1	127									26
12	12	71/2	71/2	0.5	5/8	5/8	Chord	3/4	2	1	1/8		1/8	1	128									
13	13	36	36	1.0	0	0	Chord	3/4	1	1	1/4		1/4	1	129									
13	13	37	37	0.25	1/4	1/4	Chord	3/4	1	1	1/16		1/16	1	130		ornamentTrill							
13	13	149/4	149/4	0.75	5/16	5/16	Chord	3/4	1	1	3/16		1/8	3/2	131									
13	13	38	38	0.25	1/2	1/2	Chord	3/4	1	1	1/16		1/16	1	132		ornamentTrill							
13	13	153/4	153/4	0.75	9/16	9/16	Chord	3/4	1	1	3/16		1/8	3/2	133									
13	13	36	36	0.5	0	0	Chord	3/4	2	1	1/8		1/8	1	134									
13	13	73/2	73/2	0.5	1/8	1/8	Chord	3/4	2	1	1/8		1/8	1	135									
13	13	37	37	0.5	1/4	1/4	Chord	3/4	2	1	1/8		1/8	1	136									
13	13	75/2	75/2	0.5	3/8	3/8	Chord	3/4	2	1	1/8		1/8	1	137									
13	13	38	38	0.5	1/2	1/2	Chord	3/4	2	1	1/8		1/8	1	138									
13	13	77/2	77/2	0.5	5/8	5/8	Chord	3/4	2	1	1/8		1/8	1	139									
14	14	39	39	1.0	0	0	Chord	3/4	1	1	1/4		1/4	1	140									
14	14	40	40	0.25	1/4	1/4	Chord	3/4	1	1	1/16		1/16	1	141									
14	14	161/4	161/4	0.25	5/16	5/16	Chord	3/4	1	1	1/16		1/16	1	142									
14	14	81/2	81/2	0.25	3/8	3/8	Chord	3/4	1	1	1/16		1/16	1	143									
14	14	163/4	163/4	0.25	7/16	7/16	Chord	3/4	1	1	1/16		1/16	1	144									
14	14	41	41	0.5	1/2	1/2	Chord	3/4	1	1	1/8		1/8	1	145									
14	14	167/4	167/4	0.25	11/16	11/16	Chord	3/4	1	1	1/16		1/16	1	146									
14	14	39	39	0.5	0	0	Chord	3/4	2	1	1/8		1/8	1	147									
14	14	79/2	79/2	0.5	1/8	1/8	Chord	3/4	2	1	1/8		1/8	1	148									
14	14	40	40	0.5	1/4	1/4	Chord	3/4	2	1	1/8		1/8	1	149									
14	14	81/2	81/2	0.5	3/8	3/8	Chord	3/4	2	1	1/8		1/8	1	150									
14	14	41	41	0.5	1/2	1/2	Chord	3/4	2	1	1/8		1/8	1	151									
14	14	83/2	83/2	0.5	5/8	5/8	Chord	3/4	2	1	1/8		1/8	1	152									
15	15	42	42	0.0	0	0	Chord	3/4	1	1	0	grace16	1/16	1	153									
15	15	42	42	0.5	0	0	Chord	3/4	1	1	1/8		1/8	1	154									
15	15	85/2	85/2	0.25	1/8	1/8	Chord	3/4	1	1	1/16		1/16	1	155									
15	15	171/4	171/4	0.25	3/16	3/16	Chord	3/4	1	1	1/16		1/16	1	156									
15	15	43	43	1.0	1/4	1/4	Chord	3/4	1	1	1/4		1/4	1	157									
15	15	44	44	1.0	1/2	1/2	Chord	3/4	1	1	1/4		1/4	1	158		ornamentTrill							
15	15	42	42	0.5	0	0	Chord	3/4	2	1	1/8		1/8	1	159									
15	15	85/2	85/2	0.5	1/8	1/8	Chord	3/4	2	1	1/8		1/8	1	160									
15	15	43	43	0.5	1/4	1/4	Chord	3/4	2	1	1/8		1/8	1	161									
15	15	87/2	87/2	0.5	3/8	3/8	Chord	3/4	2	1	1/8		1/8	1	162									
15	15	44	44	0.5	1/2	1/2	Chord	3/4	2	1	1/8		1/8	1	163									
15	15	89/2	89/2	0.5	5/8	5/8	Chord	3/4	2	1	1/8		1/8	1	164									
16	16	45	45	1.0	0	0	Chord	3/4	1	1	1/4		1/4	1	165									
16	16	45	45	0.5	0	0	Chord	3/4	2	1	1/8		1/8	1	166									
16	16	91/2	91/2	0.5	1/8	1/8	Chord	3/4	2	1	1/8		1/8	1	167									
16	16	46	46	0.5	1/4	1/4	Chord	3/4	2	1	1/8		1/8	1	168									
16	16	93/2	93/2	0.5	3/8	3/8	Chord	3/4	2	1	1/8		1/8	1	169									
16	16	47	47	0.5	1/2	1/2	Chord	3/4	2	1	1/8		1/8	1	170									
16	16	95/2	95/2	0.5	5/8	5/8	Chord	3/4	2	1	1/8		1/8	1	171									
17	17	48	48	0.0	0	0	Dynamic	3/4	1	1	0					f								
17	17	48	48	1.0	0	0	Chord	3/4	1	1	1/4		1/4	1	172									
17	17	201/4	201/4	0.25	9/16	9/16	Chord	3/4	1	1	1/16		1/16	1	173									
17	17	101/2	101/2	0.25	5/8	5/8	Chord	3/4	1	1	1/16		1/16	1	174									
17	17	203/4	203/4	0.25	11/16	11/16	Chord	3/4	1	1	1/16		1/16	1	175									
17	17	48	48	1.0	0	0	Chord	3/4	1	2	1/4		1/4	1	176									
17	17	48	48	0.25	0	0	Chord	3/4	2	1	1/16		1/16	1	177									
17	17	193/4	193/4	0.25	1/16	1/16	Chord	3/4	2	1	1/16		1/16	1	178									
17	17	97/2	97/2	0.25	1/8	1/8	Chord	3/4	2	1	1/16		1/16	1	179									
17	17	195/4	195/4	0.25	3/16	3/16	Chord	3/4	2	1	1/16		1/16	1	180									
17	17	49	49	0.25	1/4	1/4	Chord	3/4	2	1	1/16		1/16	1	181									
17	17	197/4	197/4	0.25	5/16	5/16	Chord	3/4	2	1	1/16		1/16	1	182									
17	17	99/2	99/2	0.25	3/8	3/8	Chord	3/4	2	1	1/16		1/16	1	183									
17	17	199/4	199/4	0.25	7/16	7/16	Chord	3/4	2	1	1/16		1/16	1	184									
17	17	50	50	1.0	1/2	1/2	Chord	3/4	2	1	1/4		1/4	1	185									
18	18	51	51	0.25	0	0	Chord	3/4	1	1	1/16		1/16	1	186									
18	18	205/4	205/4	0.25	1/16	1/16	Chord	3/4	1	1	1/16		1/16	1	187									
18	18	103/2	103/2	0.25	1/8	1/8	Chord	3/4	1	1	1/16		1/16	1	188									
18	18	207/4	207/4	0.25	3/16	3/16	Chord	3/4	1	1	1/16		1/16	1	189									
18	18	52	52	0.25	1/4	1/4	Chord	3/4	1	1	1/16		1/16	1	190									
18	18	209/4	209/4	0.25	5/16	5/16	Chord	3/4	1	1	1/16		1/16	1	191									
18	18	105/2	105/2	0.25	3/8	3/8	Chord	3/4	1	1	1/16		1/16	1	192									
18	18	211/4	211/4	0.25	7/16	7/16	Chord	3/4	1	1	1/16		1/16	1	193									
18	18	53	53	0.25	1/2	1/2	Chord	3/4	1	1	1/16		1/16	1	194									
18	18	213/4	213/4	0.25	9/16	9/16	Chord	3/4	1	1	1/16		1/16	1	195									
18	18	107/2	107/2	0.25	5/8	5/8	Chord	3/4	1	1	1/16		1/16	1	196									
18	18	215/4	215/4	0.25	11/16	11/16	Chord	3/4	1	1	1/16		1/16	1	197									
18	18	51	51	1.0	0	0	Chord	3/4	2	1	1/4		1/4	1	198									
18	18	52	52	1.0	1/4	1/4	Chord	3/4	2	1	1/4		1/4	1	199									
19	19	54	54	1.0	0	0	Chord	3/4	1	1	1/4		1/4	1	200									
19	19	225/4	225/4	0.25	9/16	9/16	Chord	3/4	1	1	1/16		1/16	1	201									
19	19	113/2	113/2	0.25	5/8	5/8	Chord	3/4	1	1	1/16		1/16	1	202									
19	19	227/4	227/4	0.25	11/16	11/16	Chord	3/4	1	1	1/16		1/16	1	203									
19	19	54	54	1.0	0	0	Chord	3/4	1	2	1/4		1/4	1	204									
19	19	54	54	0.25	0	0	Chord	3/4	2	1	1/16		1/16	1	205									
19	19	217/4	217/4	0.25	1/16	1/16	Chord	3/4	2	1	1/16		1/16	1	206									
19	19	109/2	109/2	0.25	1/8	1/8	Chord	3/4	2	1	1/16		1/16	1	207									
19	19	219/4	219/4	0.25	3/16	3/16	Chord	3/4	2	1	1/16		1/16	1	208									
19	19	55	55	0.25	1/4	1/4	Chord	3/4	2	1	1/16		1/16	1	209									
19	19	221/4	221/4	0.25	5/16	5/16	Chord	3/4	2	1	1/16		1/16	1	210									
19	19	111/2	111/2	0.25	3/8	3/8	Chord	3/4	2	1	1/16		1/16	1	211									
19	19	223/4	223/4	0.25	7/16	7/16	Chord	3/4	2	1	1/16		1/16	1	212									
19	19	56	56	1.0	1/2	1/2	Chord	3/4	2	1	1/4		1/4	1	213									
20	20	57	57	0.25	0	0	Chord	3/4	1	1	1/16		1/16	1	214									
20	20	229/4	229/4	0.25	1/16	1/16	Chord	3/4	1	1	1/16		1/16	1	215									
20	20	115/2	115/2	0.25	1/8	1/8	Chord	3/4	1	1	1/16		1/16	1	216									
20	20	231/4	231/4	0.25	3/16	3/16	Chord	3/4	1	1	1/16		1/16	1	217									
20	20	58	58	0.25	1/4	1/4	Chord	3/4	1	1	1/16		1/16	1	218									
20	20	233/4	233/4	0.25	5/16	5/16	Chord	3/4	1	1	1/16		1/16	1	219									
20	20	117/2	117/2	0.25	3/8	3/8	Chord	3/4	1	1	1/16		1/16	1	220									
20	20	235/4	235/4	0.25	7/16	7/16	Chord	3/4	1	1	1/16		1/16	1	221									
20	20	59	59	0.25	1/2	1/2	Chord	3/4	1	1	1/16		1/16	1	222									
20	20	237/4	237/4	0.25	9/16	9/16	Chord	3/4	1	1	1/16		1/16	1	223									
20	20	119/2	119/2	0.25	5/8	5/8	Chord	3/4	1	1	1/16		1/16	1	224									
20	20	239/4	239/4	0.25	11/16	11/16	Chord	3/4	1	1	1/16		1/16	1	225									
20	20	57	57	1.0	0	0	Chord	3/4	2	1	1/4		1/4	1	226									
20	20	58	58	1.0	1/4	1/4	Chord	3/4	2	1	1/4		1/4	1	227									
21	21	60	60	1.0	0	0	Chord	3/4	1	1	1/4		1/4	1	228									
21	21	61	61	0.25	1/4	1/4	Chord	3/4	1	1	1/16		1/16	1	229		ornamentTrill							
21	21	245/4	245/4	0.75	5/16	5/16	Chord	3/4	1	1	3/16		1/8	3/2	230									
21	21	62	62	0.25	1/2	1/2	Chord	3/4	1	1	1/16		1/16	1	231		ornamentTrill							
21	21	249/4	249/4	0.75	9/16	9/16	Chord	3/4	1	1	3/16		1/8	3/2	232									
21	21	60	60	0.5	0	0	Chord	3/4	2	1	1/8		1/8	1	233									27
21	21	121/2	121/2	0.5	1/8	1/8	Chord	3/4	2	1	1/8		1/8	1	234									
21	21	61	61	0.5	1/4	1/4	Chord	3/4	2	1	1/8		1/8	1	235									28
21	21	123/2	123/2	0.5	3/8	3/8	Chord	3/4	2	1	1/8		1/8	1	236									
21	21	62	62	0.5	1/2	1/2	Chord	3/4	2	1	1/8		1/8	1	237									29
21	21	125/2	125/2	0.5	5/8	5/8	Chord	3/4	2	1	1/8		1/8	1	238									
22	22	63	63	0.25	0	0	Chord	3/4	1	1	1/16		1/16	1	239									
22	22	253/4	253/4	0.25	1/16	1/16	Chord	3/4	1	1	1/16		1/16	1	240									
22	22	127/2	127/2	0.25	1/8	1/8	Chord	3/4	1	1	1/16		1/16	1	241									
22	22	255/4	255/4	0.25	3/16	3/16	Chord	3/4	1	1	1/16		1/16	1	242									
22	22	64	64	0.25	1/4	1/4	Chord	3/4	1	1	1/16		1/16	1	243									
22	22	257/4	257/4	0.25	5/16	5/16	Chord	3/4	1	1	1/16		1/16	1	244									
22	22	129/2	129/2	0.25	3/8	3/8	Chord	3/4	1	1	1/16		1/16	1	245									
22	22	259/4	259/4	0.25	7/16	7/16	Chord	3/4	1	1	1/16		1/16	1	246									
22	22	65	65	0.5	1/2	1/2	Chord	3/4	1	1	1/8		1/8	1	247									
22	22	263/4	263/4	0.25	11/16	11/16	Chord	3/4	1	1	1/16		1/16	1	248									
22	22	63	63	1.0	0	0	Chord	3/4	2	1	1/4		1/4	1	249									
22	22	65	65	1.0	1/2	1/2	Chord	3/4	2	1	1/4		1/4	1	250									
23	23	66	66	0.0	0	0	Chord	3/4	1	1	0	grace16	1/16	1	251									
23	23	66	66	0.5	0	0	Chord	3/4	1	1	1/8		1/8	1	252									
23	23	133/2	133/2	0.25	1/8	1/8	Chord	3/4	1	1	1/16		1/16	1	253									
23	23	267/4	267/4	0.25	3/16	3/16	Chord	3/4	1	1	1/16		1/16	1	254									
23	23	67	67	1.0	1/4	1/4	Chord	3/4	1	1	1/4		1/4	1	255									
23	23	68	68	1.0	1/2	1/2	Chord	3/4	1	1	1/4		1/4	1	256		ornamentTrill							
23	23	67	67	1.0	1/4	1/4	Chord	3/4	1	2	1/4		1/4	1	257									
23	23	68	68	1.0	1/2	1/2	Chord	3/4	1	2	1/4		1/4	1	258									
23	23	66	66	1.0	0	0	Chord	3/4	2	1	1/4		1/4	1	259									
23	23	67	67	1.0	1/4	1/4	Chord	3/4	2	1	1/4		1/4	1	260									
23	23	68	68	1.0	1/2	1/2	Chord	3/4	2	1	1/4		1/4	1	261									
24	24	69	69	0.75	0	0	Chord	3/4	1	1	3/16		1/8	3/2	262									
24	24	279/4	279/4	0.25	3/16	3/16	Chord	3/4	1	1	1/16		1/16	1	263									
24	24	70	70	1.0	1/4	1/4	Chord	3/4	1	1	1/4		1/4	1	264									
24	24	69	69	1.0	0	0	Chord	3/4	2	1	1/4		1/4	1	265									
24	24	141/2	141/2	0.5	3/8	3/8	Chord	3/4	2	1	1/8		1/8	1	266									
24	24	71	71	0.5	1/2	1/2	Chord	3/4	2	1	1/8		1/8	1	267									
24	24	143/2	143/2	0.5	5/8	5/8	Chord	3/4	2	1	1/8		1/8	1	268									
25	25	72	72	1.0	0	0	Chord	3/4	1	1	1/4		1/4	1	269									
25	25	73	73	0.25	1/4	1/4	Chord	3/4	1	1	1/16		1/16	1	270									
25	25	293/4	293/4	0.25	5/16	5/16	Chord	3/4	1	1	1/16		1/16	1	271									
25	25	147/2	147/2	0.25	3/8	3/8	Chord	3/4	1	1	1/16		1/16	1	272									
25	25	295/4	295/4	0.25	7/16	7/16	Chord	3/4	1	1	1/16		1/16	1	273									
25	25	74	74	0.25	1/2	1/2	Chord	3/4	1	1	1/16		1/16	1	274									
25	25	297/4	297/4	0.25	9/16	9/16	Chord	3/4	1	1	1/16		1/16	1	275									
25	25	149/2	149/2	0.25	5/8	5/8	Chord	3/4	1	1	1/16		1/16	1	276									
25	25	299/4	299/4	0.25	11/16	11/16	Chord	3/4	1	1	1/16		1/16	1	277									
25	25	72	72	1.0	0	0	Chord	3/4	2	1	1/4		1/4	1	278									
25	25	73	73	1.0	1/4	1/4	Chord	3/4	2	1	1/4		1/4	1	279									
25	25	74	74	1.0	1/2	1/2	Chord	3/4	2	1	1/4		1/4	1	280									
25	25	72	72	1.0	0	0	Chord	3/4	2	2	1/4		1/4	1	281									
26	26	75	75	1.0	0	0	Chord	3/4	1	1	1/4		1/4	1	282									
26	26	76	76	0.25	1/4	1/4	Chord	3/4	1	1	1/16		1/16	1	283									
26	26	305/4	305/4	0.25	5/16	5/16	Chord	3/4	1	1	1/16		1/16	1	284									
26	26	153/2	153/2	0.25	3/8	3/8	Chord	3/4	1	1	1/16		1/16	1	285									
26	26	307/4	307/4	0.25	7/16	7/16	Chord	3/4	1	1	1/16		1/16	1	286									
26	26	77	77	0.25	1/2	1/2	Chord	3/4	1	1	1/16		1/16	1	287									
26	26	309/4	309/4	0.25	9/16	9/16	Chord	3/4	1	1	1/16		1/16	1	288									
26	26	155/2	155/2	0.25	5/8	5/8	Chord	3/4	1	1	1/16		1/16	1	289									
26	26	311/4	311/4	0.25	11/16	11/16	Chord	3/4	1	1	1/16		1/16	1	290									
26	26	75	75	1.0	0	0	Chord	3/4	2	1	1/4		1/4	1	291									
26	26	76	76	1.0	1/4	1/4	Chord	3/4	2	1	1/4		1/4	1	292									
27	27	78	78	0.25	0	0	Chord	3/4	1	1	1/16		1/16	1	293									
27	27	313/4	313/4	0.25	1/16	1/16	Chord	3/4	1	1	1/16		1/16	1	294									
27	27	157/2	157/2	0.25	1/8	1/8	Chord	3/4	1	1	1/16		1/16	1	295									
27	27	315/4	315/4	0.25	3/16	3/16	Chord	3/4	1	1	1/16		1/16	1	296									
27	27	79	79	0.25	1/4	1/4	Chord	3/4	1	1	1/16		1/16	1	297									
27	27	317/4	317/4	0.25	5/16	5/16	Chord	3/4	1	1	1/16		1/16	1	298									
27	27	159/2	159/2	0.25	3/8	3/8	Chord	3/4	1	1	1/16		1/16	1	299									
27	27	319/4	319/4	0.25	7/16	7/16	Chord	3/4	1	1	1/16		1/16	1	300									
27	27	80	80	0.25	1/2	1/2	Chord	3/4	1	1	1/16		1/16	1	301									
27	27	321/4	321/4	0.25	9/16	9/16	Chord	3/4	1	1	1/16		1/16	1	302									
27	27	161/2	161/2	0.25	5/8	5/8	Chord	3/4	1	1	1/16		1/16	1	303									
27	27	323/4	323/4	0.25	11/16	11/16	Chord	3/4	1	1	1/16		1/16	1	304									
27	27	78	78	1.0	0	0	Chord	3/4	2	1	1/4		1/4	1	305									
27	27	80	80	1.0	1/2	1/2	Chord	3/4	2	1	1/4		1/4	1	306									
27	27	80	80	1.0	1/2	1/2	Chord	3/4	2	2	1/4		1/4	1	307									
28	28	81	81	0.0	0	0	Chord	3/4	1	1	0	appoggiatura	1/8	1	308									
28	28	81	81	1.5	0	0	Chord	3/4	1	1	3/8		1/4	3/2	309									
28	28	165/2	165/2	0.5	3/8	3/8	Chord	3/4	1	1	1/8		1/8	1	310									
28	28	83	83	1.0	1/2	1/2	Chord	3/4	1	1	1/4		1/4	1	311									
28	28	81	81	0.5	0	0	Chord	3/4	2	1	1/8		1/8	1	312									
28	28	163/2	163/2	0.5	1/8	1/8	Chord	3/4	2	1	1/8		1/8	1	313									
28	28	82	82	0.5	1/4	1/4	Chord	3/4	2	1	1/8		1/8	1	314									
28	28	165/2	165/2	0.5	3/8	3/8	Chord	3/4	2	1	1/8		1/8	1	315									
28	28	83	83	0.5	1/2	1/2	Chord	3/4	2	1	1/8		1/8	1	316									
28	28	167/2	167/2	0.5	5/8	5/8	Chord	3/4	2	1	1/8		1/8	1	317									
29	29	84	84	1.0	0	0	Chord	3/4	1	1	1/4		1/4	1	318									30
29	29	85	85	1.0	1/4	1/4	Chord	3/4	1	1	1/4		1/4	1	319									30
29	29	86	86	1.0	1/2	1/2	Chord	3/4	1	1	1/4		1/4	1	320									
29	29	84	84	0.0	0	0	Dynamic	3/4	2	1	0					p								
29	29	84	84	0.5	0	0	Chord	3/4	2	1	1/8		1/8	1	321									31
29	29	169/2	169/2	0.5	1/8	1/8	Chord	3/4	2	1	1/8		1/8	1	322									
29	29	85	85	0.5	1/4	1/4	Chord	3/4	2	1	1/8		1/8	1	323									32
29	29	171/2	171/2	0.5	3/8	3/8	Chord	3/4	2	1	1/8		1/8	1	324									
29	29	86	86	0.5	1/2	1/2	Chord	3/4	2	1	1/8		1/8	1	325									33
29	29	173/2	173/2	0.5	5/8	5/8	Chord	3/4	2	1	1/8		1/8	1	326									
30	30	87	87	2.0	0	0	Chord	3/4	1	1	1/2		1/2	1	327									34
30	30	89	89	0.75	1/2	1/2	Chord	3/4	1	1	3/16		1/8	3/2	328									
30	30	359/4	359/4	0.25	11/16	11/16	Chord	3/4	1	1	1/16		1/16	1	329									
30	30	87	87	0.5	0	0	Chord	3/4	2	1	1/8		1/8	1	330									
30	30	175/2	175/2	0.5	1/8	1/8	Chord	3/4	2	1	1/8		1/8	1	331									
30	30	88	88	0.5	1/4	1/4	Chord	3/4	2	1	1/8		1/8	1	332									
30	30	177/2	177/2	0.5	3/8	3/8	Chord	3/4	2	1	1/8		1/8	1	333									
30	30	89	89	0.5	1/2	1/2	Chord	3/4	2	1	1/8		1/8	1	334									
30	30	179/2	179/2	0.5	5/8	5/8	Chord	3/4	2	1	1/8		1/8	1	335									
31	31	90	90	0.0	0	0	Chord	3/4	1	1	0	appoggiatura	1/8	1	336									
31	31	90	90	1.0	0	0	Chord	3/4	1	1	1/4		1/4	1	337									
31	31	91	91	0.0	1/4	1/4	Chord	3/4	1	1	0	appoggiatura	1/8	1	338									
31	31	91	91	1.0	1/4	1/4	Chord	3/4	1	1	1/4		1/4	1	339									
31	31	92	92	0.0	1/2	1/2	Chord	3/4	1	1	0	appoggiatura	1/8	1	340									
31	31	92	92	1.0	1/2	1/2	Chord	3/4	1	1	1/4		1/4	1	341									
31	31	90	90	0.5	0	0	Chord	3/4	2	1	1/8		1/8	1	342									
31	31	181/2	181/2	0.5	1/8	1/8	Chord	3/4	2	1	1/8		1/8	1	343									
31	31	91	91	0.5	1/4	1/4	Chord	3/4	2	1	1/8		1/8	1	344									
31	31	183/2	183/2	0.5	3/8	3/8	Chord	3/4	2	1	1/8		1/8	1	345									
31	31	92	92	0.5	1/2	1/2	Chord	3/4	2	1	1/8		1/8	1	346									
31	31	185/2	185/2	0.5	5/8	5/8	Chord	3/4	2	1	1/8		1/8	1	347									
32	32	93	93	2.0	0	0	Chord	3/4	1	1	1/2		1/2	1	348									35
32	32	95	95	1.0	1/2	1/2	Chord	3/4	1	1	1/4		1/4	1	349		ornamentTrill							
32	32	93	93	0.5	0	0	Chord	3/4	2	1	1/8		1/8	1	350									
32	32	187/2	187/2	0.5	1/8	1/8	Chord	3/4	2	1	1/8		1/8	1	351									
32	32	94	94	0.5	1/4	1/4	Chord	3/4	2	1	1/8		1/8	1	352									
32	32	189/2	189/2	0.5	3/8	3/8	Chord	3/4	2	1	1/8		1/8	1	353									
32	32	95	95	0.5	1/2	1/2	Chord	3/4	2	1	1/8		1/8	1	354									
32	32	191/2	191/2	0.5	5/8	5/8	Chord	3/4	2	1	1/8		1/8	1	355									
33	33	96	96	0.75	0	0	Chord	3/4	1	1	3/16		1/8	3/2	356									
33	33	387/4	387/4	0.125	3/16	3/16	Chord	3/4	1	1	1/32		1/32	1	357									
33	33	775/8	775/8	0.125	7/32	7/32	Chord	3/4	1	1	1/32		1/32	1	358									
33	33	97	97	1.0	1/4	1/4	Chord	3/4	1	1	1/4		1/4	1	359									
33	33	98	98	1.0	1/2	1/2	Chord	3/4	1	1	1/4		1/4	1	360									
33	33	96	96	0.5	0	0	Chord	3/4	2	1	1/8		1/8	1	361									
33	33	193/2	193/2	0.5	1/8	1/8	Chord	3/4	2	1	1/8		1/8	1	362									
33	33	97	97	0.5	1/4	1/4	Chord	3/4	2	1	1/8		1/8	1	363									
33	33	195/2	195/2	0.5	3/8	3/8	Chord	3/4	2	1	1/8		1/8	1	364									
33	33	98	98	0.5	1/2	1/2	Chord	3/4	2	1	1/8		1/8	1	365									
33	33	197/2	197/2	0.5	5/8	5/8	Chord	3/4	2	1	1/8		1/8	1	366									
34	34	99	99	1.0	0	0	Chord	3/4	1	1	1/4		1/4	1	367									36
34	34	100	100	1.0	1/4	1/4	Chord	3/4	1	1	1/4		1/4	1	368									36
34	34	101	101	1.0	1/2	1/2	Chord	3/4	1	1	1/4		1/4	1	369									
34	34	99	99	0.5	0	0	Chord	3/4	2	1	1/8		1/8	1	370									
34	34	199/2	199/2	0.5	1/8	1/8	Chord	3/4	2	1	1/8		1/8	1	371									
34	34	100	100	0.5	1/4	1/4	Chord	3/4	2	1	1/8		1/8	1	372									
34	34	201/2	201/2	0.5	3/8	3/8	Chord	3/4	2	1	1/8		1/8	1	373									
34	34	101	101	0.5	1/2	1/2	Chord	3/4	2	1	1/8		1/8	1	374									
34	34	203/2	203/2	0.5	5/8	5/8	Chord	3/4	2	1	1/8		1/8	1	375									
35	35	102	102	0.75	0	0	Chord	3/4	1	1	3/16		1/8	3/2	376									
35	35	411/4	411/4	0.125	3/16	3/16	Chord	3/4	1	1	1/32		1/32	1	377									
35	35	823/8	823/8	0.125	7/32	7/32	Chord	3/4	1	1	1/32		1/32	1	378									
35	35	103	103	1.0	1/4	1/4	Chord	3/4	1	1	1/4		1/4	1	379									
35	35	104	104	1.0	1/2	1/2	Chord	3/4	1	1	1/4		1/4	1	380		ornamentTrill							
35	35	103	103	2.0	1/4	1/4	Chord	3/4	1	2	1/2		1/2	1	381									
35	35	102	102	0.5	0	0	Chord	3/4	2	1	1/8		1/8	1	382									
35	35	205/2	205/2	0.5	1/8	1/8	Chord	3/4	2	1	1/8		1/8	1	383									
35	35	207/2	207/2	0.5	3/8	3/8	Chord	3/4	2	1	1/8		1/8	1	384									
35	35	104	104	0.5	1/2	1/2	Chord	3/4	2	1	1/8		1/8	1	385									
35	35	209/2	209/2	0.5	5/8	5/8	Chord	3/4	2	1	1/8		1/8	1	386									
35	35	103	103	2.0	1/4	1/4	Chord	3/4	2	2	1/2		1/2	1	387									
36	36	105	105	1.0	0	0	Chord	3/4	1	1	1/4		1/4	1	388									
36	36	106	106	0.25	1/4	1/4	Chord	3/4	1	1	1/16		1/16	1	389									
36	36	425/4	425/4	0.25	5/16	5/16	Chord	3/4	1	1	1/16		1/16	1	390									
36	36	213/2	213/2	0.25	3/8	3/8	Chord	3/4	1	1	1/16		1/16	1	391									
36	36	427/4	427/4	0.25	7/16	7/16	Chord	3/4	1	1	1/16		1/16	1	392									
36	36	107	107	0.25	1/2	1/2	Chord	3/4	1	1	1/16		1/16	1	393									
36	36	429/4	429/4	0.25	9/16	9/16	Chord	3/4	1	1	1/16		1/16	1	394									
36	36	215/2	215/2	0.25	5/8	5/8	Chord	3/4	1	1	1/16		1/16	1	395									
36	36	431/4	431/4	0.25	11/16	11/16	Chord	3/4	1	1	1/16		1/16	1	396									
36	36	105	105	1.0	0	0	Chord	3/4	1	2	1/4		1/4	1	397									
36	36	105	105	0.0	0	0	Dynamic	3/4	2	1	0					f								
36	36	105	105	0.5	0	0	Chord	3/4	2	1	1/8		1/8	1	398									
36	36	211/2	211/2	0.5	1/8	1/8	Chord	3/4	2	1	1/8		1/8	1	399									
36	36	106	106	0.5	1/4	1/4	Chord	3/4	2	1	1/8		1/8	1	400									
36	36	213/2	213/2	0.5	3/8	3/8	Chord	3/4	2	1	1/8		1/8	1	401									
36	36	107	107	0.5	1/2	1/2	Chord	3/4	2	1	1/8		1/8	1	402									
36	36	215/2	215/2	0.5	5/8	5/8	Chord	3/4	2	1	1/8		1/8	1	403									
36	36	105	105	0.5	0	0	Chord	3/4	2	2	1/8		1/8	1	404									
37	37	108	108	0.75	0	0	Chord	3/4	1	1	3/16		1/8	3/2	405									
37	37	435/4	435/4	0.25	3/16	3/16	Chord	3/4	1	1	1/16		1/16	1	406									
37	37	109	109	0.75	1/4	1/4	Chord	3/4	1	1	3/16		1/8	3/2	407		ornamentTrill							
37	37	439/4	439/4	0.25	7/16	7/16	Chord	3/4	1	1	1/16		1/16	1	408									
37	37	110	110	0.75	1/2	1/2	Chord	3/4	1	1	3/16		1/8	3/2	409		ornamentTrill							
37	37	443/4	443/4	0.25	11/16	11/16	Chord	3/4	1	1	1/16		1/16	1	410									
37	37	108	108	0.5	0	0	Chord	3/4	2	1	1/8		1/8	1	411									37
37	37	217/2	217/2	0.5	1/8	1/8	Chord	3/4	2	1	1/8		1/8	1	412									
37	37	109	109	0.5	1/4	1/4	Chord	3/4	2	1	1/8		1/8	1	413									38
37	37	219/2	219/2	0.5	3/8	3/8	Chord	3/4	2	1	1/8		1/8	1	414									
37	37	110	110	0.5	1/2	1/2	Chord	3/4	2	1	1/8		1/8	1	415									39
37	37	221/2	221/2	0.5	5/8	5/8	Chord	3/4	2	1	1/8		1/8	1	416									
38	38	111	111	0.75	0	0	Chord	3/4	1	1	3/16		1/8	3/2	417		ornamentTrill							
38	38	447/4	447/4	0.25	3/16	3/16	Chord	3/4	1	1	1/16		1/16	1	418									
38	38	112	112	0.75	1/4	1/4	Chord	3/4	1	1	3/16		1/8	3/2	419		ornamentTrill							
38	38	451/4	451/4	0.25	7/16	7/16	Chord	3/4	1	1	1/16		1/16	1	420									
38	38	113	113	0.75	1/2	1/2	Chord	3/4	1	1	3/16		1/8	3/2	421		ornamentTrill							
38	38	455/4	455/4	0.25	11/16	11/16	Chord	3/4	1	1	1/16		1/16	1	422									
38	38	111	111	0.5	0	0	Chord	3/4	2	1	1/8		1/8	1	423									
38	38	223/2	223/2	0.5	1/8	1/8	Chord	3/4	2	1	1/8		1/8	1	424									
38	38	112	112	0.5	1/4	1/4	Chord	3/4	2	1	1/8		1/8	1	425									
38	38	225/2	225/2	0.5	3/8	3/8	Chord	3/4	2	1	1/8		1/8	1	426									
38	38	113	113	0.5	1/2	1/2	Chord	3/4	2	1	1/8		1/8	1	427									
38	38	227/2	227/2	0.5	5/8	5/8	Chord	3/4	2	1	1/8		1/8	1	428									
39	39	114	114	0.0	0	0	Chord	3/4	1	1	0	appoggiatura	1/8	1	429									
39	39	114	114	1.0	0	0	Chord	3/4	1	1	1/4		1/4	1	430		ornamentTrill							
39	39	115	115	0.5	1/4	1/4	Chord	3/4	1	1	1/8		1/8	1	431									40
39	39	231/2	231/2	0.5	3/8	3/8	Chord	3/4	1	1	1/8		1/8	1	432									
39	39	116	116	0.5	1/2	1/2	Chord	3/4	1	1	1/8		1/8	1	433									41
39	39	233/2	233/2	0.5	5/8	5/8	Chord	3/4	1	1	1/8		1/8	1	434									
39	39	114	114	0.5	0	0	Chord	3/4	2	1	1/8		1/8	1	435									42
39	39	229/2	229/2	0.5	1/8	1/8	Chord	3/4	2	1	1/8		1/8	1	436									
39	39	115	115	0.5	1/4	1/4	Chord	3/4	2	1	1/8		1/8	1	437									43
39	39	231/2	231/2	0.5	3/8	3/8	Chord	3/4	2	1	1/8		1/8	1	438									
39	39	116	116	0.5	1/2	1/2	Chord	3/4	2	1	1/8		1/8	1	439									44
39	39	233/2	233/2	0.5	5/8	5/8	Chord	3/4	2	1	1/8		1/8	1	440									
40	40	117	117	0.0	0	0	Chord	3/4	1	1	0	appoggiatura	1/8	1	441									
40	40	117	117	1.0	0	0	Chord	3/4	1	1	1/4		1/4	1	442		ornamentTrill							
40	40	118	118	0.5	1/4	1/4	Chord	3/4	1	1	1/8		1/8	1	443									45
40	40	237/2	237/2	0.5	3/8	3/8	Chord	3/4	1	1	1/8		1/8	1	444									
40	40	119	119	0.5	1/2	1/2	Chord	3/4	1	1	1/8		1/8	1	445									46
40	40	239/2	239/2	0.5	5/8	5/8	Chord	3/4	1	1	1/8		1/8	1	446									
40	40	117	117	0.5	0	0	Chord	3/4	2	1	1/8		1/8	1	447									47
40	40	235/2	235/2	0.5	1/8	1/8	Chord	3/4	2	1	1/8		1/8	1	448									
40	40	118	118	0.5	1/4	1/4	Chord	3/4	2	1	1/8		1/8	1	449									48
40	40	237/2	237/2	0.5	3/8	3/8	Chord	3/4	2	1	1/8		1/8	1	450									
40	40	119	119	0.5	1/2	1/2	Chord	3/4	2	1	1/8		1/8	1	451									49
40	40	239/2	239/2	0.5	5/8	5/8	Chord	3/4	2	1	1/8		1/8	1	452									
41	41	120	120	1.0	0	0	Chord	3/4	1	1	1/4		1/4	1	453									
41	41	121	121	0.5	1/4	1/4	Chord	3/4	1	1	1/8		1/8	1	454									
41	41	243/2	243/2	0.5	3/8	3/8	Chord	3/4	1	1	1/8		1/8	1	455									
41	41	122	122	0.5	1/2	1/2	Chord	3/4	1	1	1/8		1/8	1	456									
41	41	245/2	245/2	0.5	5/8	5/8	Chord	3/4	1	1	1/8		1/8	1	457									
41	41	120	120	0.5	0	0	Chord	3/4	2	1	1/8		1/8	1	458									
41	41	241/2	241/2	0.5	1/8	1/8	Chord	3/4	2	1	1/8		1/8	1	459									
41	41	121	121	0.5	1/4	1/4	Chord	3/4	2	1	1/8		1/8	1	460									
41	41	243/2	243/2	0.5	3/8	3/8	Chord	3/4	2	1	1/8		1/8	1	461									
41	41	122	122	0.5	1/2	1/2	Chord	3/4	2	1	1/8		1/8	1	462									
41	41	245/2	245/2	0.5	5/8	5/8	Chord	3/4	2	1	1/8		1/8	1	463									
42	42	123	123	1.0	0	0	Chord	3/4	1	1	1/4		1/4	1	464									
42	42	501/4	501/4	0.25	9/16	9/16	Chord	3/4	1	1	1/16		1/16	1	465									
42	42	251/2	251/2	0.25	5/8	5/8	Chord	3/4	1	1	1/16		1/16	1	466									
42	42	503/4	503/4	0.25	11/16	11/16	Chord	3/4	1	1	1/16		1/16	1	467									
42	42	493/4	493/4	0.25	1/16	1/16	Chord	3/4	2	1	1/16		1/16	1	468									
42	42	247/2	247/2	0.25	1/8	1/8	Chord	3/4	2	1	1/16		1/16	1	469									
42	42	495/4	495/4	0.25	3/16	3/16	Chord	3/4	2	1	1/16		1/16	1	470									
42	42	124	124	0.25	1/4	1/4	Chord	3/4	2	1	1/16		1/16	1	471									
42	42	497/4	497/4	0.25	5/16	5/16	Chord	3/4	2	1	1/16		1/16	1	472									
42	42	249/2	249/2	0.25	3/8	3/8	Chord	3/4	2	1	1/16		1/16	1	473									
42	42	499/4	499/4	0.25	7/16	7/16	Chord	3/4	2	1	1/16		1/16	1	474									
42	42	125	125	1.0	1/2	1/2	Chord	3/4	2	1	1/4		1/4	1	475									
43	43	126	126	0.25	0	0	Chord	3/4	1	1	1/16		1/16	1	476									
43	43	505/4	505/4	0.25	1/16	1/16	Chord	3/4	1	1	1/16		1/16	1	477									
43	43	253/2	253/2	0.25	1/8	1/8	Chord	3/4	1	1	1/16		1/16	1	478									
43	43	507/4	507/4	0.25	3/16	3/16	Chord	3/4	1	1	1/16		1/16	1	479									
43	43	127	127	0.25	1/4	1/4	Chord	3/4	1	1	1/16		1/16	1	480									
43	43	509/4	509/4	0.25	5/16	5/16	Chord	3/4	1	1	1/16		1/16	1	481									
43	43	255/2	255/2	0.25	3/8	3/8	Chord	3/4	1	1	1/16		1/16	1	482									
43	43	511/4	511/4	0.25	7/16	7/16	Chord	3/4	1	1	1/16		1/16	1	483									
43	43	128	128	0.25	1/2	1/2	Chord	3/4	1	1	1/16		1/16	1	484									
43	43	513/4	513/4	0.25	9/16	9/16	Chord	3/4	1	1	1/16		1/16	1	485									
43	43	257/2	257/2	0.25	5/8	5/8	Chord	3/4	1	1	1/16		1/16	1	486									
43	43	515/4	515/4	0.25	11/16	11/16	Chord	3/4	1	1	1/16		1/16	1	487									
44	44	129	129	1.0	0	0	Chord	3/4	1	1	1/4		1/4	1	488									
44	44	525/4	525/4	0.25	9/16	9/16	Chord	3/4	1	1	1/16		1/16	1	489									
44	44	263/2	263/2	0.25	5/8	5/8	Chord	3/4	1	1	1/16		1/16	1	490									
44	44	527/4	527/4	0.25	11/16	11/16	Chord	3/4	1	1	1/16		1/16	1	491									
44	44	517/4	517/4	0.25	1/16	1/16	Chord	3/4	2	1	1/16		1/16	1	492									
44	44	259/2	259/2	0.25	1/8	1/8	Chord	3/4	2	1	1/16		1/16	1	493									
44	44	519/4	519/4	0.25	3/16	3/16	Chord	3/4	2	1	1/16		1/16	1	494									
44	44	130	130	0.25	1/4	1/4	Chord	3/4	2	1	1/16		1/16	1	495									
44	44	521/4	521/4	0.25	5/16	5/16	Chord	3/4	2	1	1/16		1/16	1	496									
44	44	261/2	261/2	0.25	3/8	3/8	Chord	3/4	2	1	1/16		1/16	1	497									
44	44	523/4	523/4	0.25	7/16	7/16	Chord	3/4	2	1	1/16		1/16	1	498									
44	44	131	131	1.0	1/2	1/2	Chord	3/4	2	1	1/4		1/4	1	499									
45	45	132	132	0.25	0	0	Chord	3/4	1	1	1/16		1/16	1	500									
45	45	529/4	529/4	0.25	1/16	1/16	Chord	3/4	1	1	1/16		1/16	1	501									
45	45	265/2	265/2	0.25	1/8	1/8	Chord	3/4	1	1	1/16		1/16	1	502									
45	45	531/4	531/4	0.25	3/16	3/16	Chord	3/4	1	1	1/16		1/16	1	503									
45	45	133	133	0.25	1/4	1/4	Chord	3/4	1	1	1/16		1/16	1	504									
45	45	533/4	533/4	0.25	5/16	5/16	Chord	3/4	1	1	1/16		1/16	1	505									
45	45	267/2	267/2	0.25	3/8	3/8	Chord	3/4	1	1	1/16		1/16	1	506									
45	45	535/4	535/4	0.25	7/16	7/16	Chord	3/4	1	1	1/16		1/16	1	507									
45	45	134	134	0.25	1/2	1/2	Chord	3/4	1	1	1/16		1/16	1	508									
45	45	537/4	537/4	0.25	9/16	9/16	Chord	3/4	1	1	1/16		1/16	1	509									
45	45	269/2	269/2	0.25	5/8	5/8	Chord	3/4	1	1	1/16		1/16	1	510									
45	45	539/4	539/4	0.25	11/16	11/16	Chord	3/4	1	1	1/16		1/16	1	511									
46	46	135	135	3.0	0	0	Chord	3/4	1	1	3/4		1/2	3/2	512		ornamentTrill							
46	46	135	135	1.5	0	0	Chord	3/4	2	1	3/8		1/4	3/2	513									
46	46	273/2	273/2	0.5	3/8	3/8	Chord	3/4	2	1	1/8		1/8	1	514									
46	46	137	137	0.5	1/2	1/2	Chord	3/4	2	1	1/8		1/8	1	515									
46	46	275/2	275/2	0.5	5/8	5/8	Chord	3/4	2	1	1/8		1/8	1	516									
47	47	138	138	0.0	0	0	StaffText	3/4	1	1	0							L						
47	47	138	138	0.25	0	0	Chord	3/4	1	1	1/16		1/16	1	517									
47	47	553/4	553/4	0.25	1/16	1/16	Chord	3/4	1	1	1/16		1/16	1	518									
47	47	277/2	277/2	0.0	1/8	1/8	StaffText	3/4	1	1	0							R						
47	47	277/2	277/2	0.25	1/8	1/8	Chord	3/4	1	1	1/16		1/16	1	519									
47	47	555/4	555/4	0.25	3/16	3/16	Chord	3/4	1	1	1/16		1/16	1	520									
47	47	139	139	0.25	1/4	1/4	Chord	3/4	1	1	1/16		1/16	1	521									
47	47	557/4	557/4	0.25	5/16	5/16	Chord	3/4	1	1	1/16		1/16	1	522									
47	47	279/2	279/2	0.25	3/8	3/8	Chord	3/4	1	1	1/16		1/16	1	523									
47	47	559/4	559/4	0.25	7/16	7/16	Chord	3/4	1	1	1/16		1/16	1	524									
47	47	140	140	0.25	1/2	1/2	Chord	3/4	1	1	1/16		1/16	1	525									
47	47	561/4	561/4	0.25	9/16	9/16	Chord	3/4	1	1	1/16		1/16	1	526									
47	47	281/2	281/2	0.25	5/8	5/8	Chord	3/4	1	1	1/16		1/16	1	527									
47	47	563/4	563/4	0.25	11/16	11/16	Chord	3/4	1	1	1/16		1/16	1	528									
48	48	141	141	0.25	0	0	Chord	3/4	1	1	1/16		1/16	1	529									
48	48	565/4	565/4	0.25	1/16	1/16	Chord	3/4	1	1	1/16		1/16	1	530									
48	48	283/2	283/2	0.25	1/8	1/8	Chord	3/4	1	1	1/16		1/16	1	531									
48	48	567/4	567/4	0.25	3/16	3/16	Chord	3/4	1	1	1/16		1/16	1	532									
48	48	142	142	0.25	1/4	1/4	Chord	3/4	1	1	1/16		1/16	1	533									
48	48	569/4	569/4	0.25	5/16	5/16	Chord	3/4	1	1	1/16		1/16	1	534									
48	48	285/2	285/2	0.25	3/8	3/8	Chord	3/4	1	1	1/16		1/16	1	535									
48	48	571/4	571/4	0.25	7/16	7/16	Chord	3/4	1	1	1/16		1/16	1	536									
48	48	143	143	0.25	1/2	1/2	Chord	3/4	1	1	1/16		1/16	1	537									
48	48	573/4	573/4	0.25	9/16	9/16	Chord	3/4	1	1	1/16		1/16	1	538									
48	48	287/2	287/2	0.25	5/8	5/8	Chord	3/4	1	1	1/16		1/16	1	539									
48	48	575/4	575/4	0.25	11/16	11/16	Chord	3/4	1	1	1/16		1/16	1	540									
49	49	144	144	0.25	0	0	Chord	3/4	1	1	1/16		1/16	1	541									
49	49	577/4	577/4	0.25	1/16	1/16	Chord	3/4	1	1	1/16		1/16	1	542									
49	49	289/2	289/2	0.25	1/8	1/8	Chord	3/4	1	1	1/16		1/16	1	543									
49	49	579/4	579/4	0.25	3/16	3/16	Chord	3/4	1	1	1/16		1/16	1	544									
49	49	145	145	0.25	1/4	1/4	Chord	3/4	1	1	1/16		1/16	1	545									
49	49	581/4	581/4	0.25	5/16	5/16	Chord	3/4	1	1	1/16		1/16	1	546									
49	49	291/2	291/2	0.25	3/8	3/8	Chord	3/4	1	1	1/16		1/16	1	547									
49	49	583/4	583/4	0.25	7/16	7/16	Chord	3/4	1	1	1/16		1/16	1	548									
49	49	146	146	0.25	1/2	1/2	Chord	3/4	1	1	1/16		1/16	1	549									
49	49	585/4	585/4	0.25	9/16	9/16	Chord	3/4	1	1	1/16		1/16	1	550									
49	49	293/2	293/2	0.25	5/8	5/8	Chord	3/4	1	1	1/16		1/16	1	551									
49	49	587/4	587/4	0.25	11/16	11/16	Chord	3/4	1	1	1/16		1/16	1	552									
50	50	297/2	297/2	0.25	3/8	3/8	Chord	3/4	1	1	1/16		1/16	1	553									
50	50	595/4	595/4	0.25	7/16	7/16	Chord	3/4	1	1	1/16		1/16	1	554									
50	50	149	149	0.25	1/2	1/2	Chord	3/4	1	1	1/16		1/16	1	555									
50	50	597/4	597/4	0.25	9/16	9/16	Chord	3/4	1	1	1/16		1/16	1	556									
50	50	299/2	299/2	0.25	5/8	5/8	Chord	3/4	1	1	1/16		1/16	1	557									
50	50	599/4	599/4	0.25	11/16	11/16	Chord	3/4	1	1	1/16		1/16	1	558									
50	50	147	147	0.25	0	0	Chord	3/4	2	1	1/16		1/16	1	559									
50	50	589/4	589/4	0.25	1/16	1/16	Chord	3/4	2	1	1/16		1/16	1	560									
50	50	295/2	295/2	0.25	1/8	1/8	Chord	3/4	2	1	1/16		1/16	1	561									
50	50	591/4	591/4	0.25	3/16	3/16	Chord	3/4	2	1	1/16		1/16	1	562									
50	50	148	148	0.25	1/4	1/4	Chord	3/4	2	1	1/16		1/16	1	563									
50	50	593/4	593/4	0.25	5/16	5/16	Chord	3/4	2	1	1/16		1/16	1	564									
51	51	601/4	601/4	0.25	1/16	1/16	Chord	3/4	1	1	1/16		1/16	1	565									
51	51	301/2	301/2	0.25	1/8	1/8	Chord	3/4	1	1	1/16		1/16	1	566									
51	51	603/4	603/4	0.25	3/16	3/16	Chord	3/4	1	1	1/16		1/16	1	567									
51	51	151	151	0.25	1/4	1/4	Chord	3/4	1	1	1/16		1/16	1	568									
51	51	605/4	605/4	0.25	5/16	5/16	Chord	3/4	1	1	1/16		1/16	1	569									
51	51	303/2	303/2	0.25	3/8	3/8	Chord	3/4	1	1	1/16		1/16	1	570									
51	51	607/4	607/4	0.25	7/16	7/16	Chord	3/4	1	1	1/16		1/16	1	571									
51	51	152	152	0.25	1/2	1/2	Chord	3/4	1	1	1/16		1/16	1	572									
51	51	609/4	609/4	0.25	9/16	9/16	Chord	3/4	1	1	1/16		1/16	1	573									
51	51	305/2	305/2	0.25	5/8	5/8	Chord	3/4	1	1	1/16		1/16	1	574									
51	51	611/4	611/4	0.25	11/16	11/16	Chord	3/4	1	1	1/16		1/16	1	575									
51	51	150	150	1.0	0	0	Chord	3/4	2	1	1/4		1/4	1	576									
51	51	152	152	0.0	1/2	1/2	StaffText	3/4	2	1	0							L						
51	51	152	152	1.0	1/2	1/2	Chord	3/4	2	1	1/4		1/4	1	577									
52	52	613/4	613/4	0.25	1/16	1/16	Chord	3/4	1	1	1/16		1/16	1	578									
52	52	307/2	307/2	0.25	1/8	1/8	Chord	3/4	1	1	1/16		1/16	1	579									
52	52	615/4	615/4	0.25	3/16	3/16	Chord	3/4	1	1	1/16		1/16	1	580									
52	52	154	154	0.25	1/4	1/4	Chord	3/4	1	1	1/16		1/16	1	581									
52	52	617/4	617/4	0.25	5/16	5/16	Chord	3/4	1	1	1/16		1/16	1	582									
52	52	309/2	309/2	0.25	3/8	3/8	Chord	3/4	1	1	1/16		1/16	1	583									
52	52	619/4	619/4	0.25	7/16	7/16	Chord	3/4	1	1	1/16		1/16	1	584									
52	52	155	155	0.25	1/2	1/2	Chord	3/4	1	1	1/16		1/16	1	585									
52	52	621/4	621/4	0.25	9/16	9/16	Chord	3/4	1	1	1/16		1/16	1	586									
52	52	311/2	311/2	0.25	5/8	5/8	Chord	3/4	1	1	1/16		1/16	1	587									
52	52	623/4	623/4	0.25	11/16	11/16	Chord	3/4	1	1	1/16		1/16	1	588									
52	52	153	153	1.0	0	0	Chord	3/4	2	1	1/4		1/4	1	589									
52	52	155	155	1.0	1/2	1/2	Chord	3/4	2	1	1/4		1/4	1	590									
52	52	155	155	1.0	1/2	1/2	Chord	3/4	2	2	1/4		1/4	1	591									
53	53	625/4	625/4	0.25	1/16	1/16	Chord	3/4	1	1	1/16		1/16	1	592									
53	53	313/2	313/2	0.25	1/8	1/8	Chord	3/4	1	1	1/16		1/16	1	593									
53	53	627/4	627/4	0.25	3/16	3/16	Chord	3/4	1	1	1/16		1/16	1	594									
53	53	157	157	0.25	1/4	1/4	Chord	3/4	1	1	1/16		1/16	1	595									
53	53	629/4	629/4	0.25	5/16	5/16	Chord	3/4	1	1	1/16		1/16	1	596									
53	53	315/2	315/2	0.25	3/8	3/8	Chord	3/4	1	1	1/16		1/16	1	597									
53	53	631/4	631/4	0.25	7/16	7/16	Chord	3/4	1	1	1/16		1/16	1	598									
53	53	158	158	0.25	1/2	1/2	Chord	3/4	1	1	1/16		1/16	1	599									
53	53	633/4	633/4	0.25	9/16	9/16	Chord	3/4	1	1	1/16		1/16	1	600									
53	53	317/2	317/2	0.25	5/8	5/8	Chord	3/4	1	1	1/16		1/16	1	601									
53	53	635/4	635/4	0.25	11/16	11/16	Chord	3/4	1	1	1/16		1/16	1	602									
53	53	156	156	1.0	0	0	Chord	3/4	2	1	1/4		1/4	1	603									
53	53	158	158	0.0	1/2	1/2	StaffText	3/4	2	1	0							L						
53	53	158	158	1.0	1/2	1/2	Chord	3/4	2	1	1/4		1/4	1	604									
53	53	156	156	1.0	0	0	Chord	3/4	2	2	1/4		1/4	1	605									
54	54	637/4	637/4	0.25	1/16	1/16	Chord	3/4	1	1	1/16		1/16	1	606									
54	54	319/2	319/2	0.25	1/8	1/8	Chord	3/4	1	1	1/16		1/16	1	607									
54	54	639/4	639/4	0.25	3/16	3/16	Chord	3/4	1	1	1/16		1/16	1	608									
54	54	160	160	0.25	1/4	1/4	Chord	3/4	1	1	1/16		1/16	1	609									
54	54	641/4	641/4	0.25	5/16	5/16	Chord	3/4	1	1	1/16		1/16	1	610									
54	54	321/2	321/2	0.25	3/8	3/8	Chord	3/4	1	1	1/16		1/16	1	611									
54	54	643/4	643/4	0.25	7/16	7/16	Chord	3/4	1	1	1/16		1/16	1	612									
54	54	161	161	0.25	1/2	1/2	Chord	3/4	1	1	1/16		1/16	1	613									
54	54	645/4	645/4	0.25	9/16	9/16	Chord	3/4	1	1	1/16		1/16	1	614									
54	54	323/2	323/2	0.25	5/8	5/8	Chord	3/4	1	1	1/16		1/16	1	615									
54	54	647/4	647/4	0.25	11/16	11/16	Chord	3/4	1	1	1/16		1/16	1	616									
54	54	159	159	1.0	0	0	Chord	3/4	2	1	1/4		1/4	1	617									
54	54	161	161	1.0	1/2	1/2	Chord	3/4	2	1	1/4		1/4	1	618									
54	54	161	161	1.0	1/2	1/2	Chord	3/4	2	2	1/4		1/4	1	619									
55	55	162	162	0.25	0	0	Chord	3/4	1	1	1/16		1/16	1	620		ornamentTrill							
55	55	649/4	649/4	0.25	1/16	1/16	Chord	3/4	1	1	1/16		1/16	1	621									
55	55	325/2	325/2	0.25	1/8	1/8	Chord	3/4	1	1	1/16		1/16	1	622									
55	55	651/4	651/4	0.25	3/16	3/16	Chord	3/4	1	1	1/16		1/16	1	623									
55	55	163	163	0.25	1/4	1/4	Chord	3/4	1	1	1/16		1/16	1	624		ornamentTrill							
55	55	653/4	653/4	0.25	5/16	5/16	Chord	3/4	1	1	1/16		1/16	1	625									
55	55	327/2	327/2	0.25	3/8	3/8	Chord	3/4	1	1	1/16		1/16	1	626									
55	55	655/4	655/4	0.25	7/16	7/16	Chord	3/4	1	1	1/16		1/16	1	627									
55	55	164	164	0.25	1/2	1/2	Chord	3/4	1	1	1/16		1/16	1	628		ornamentTrill							
55	55	657/4	657/4	0.25	9/16	9/16	Chord	3/4	1	1	1/16		1/16	1	629									
55	55	329/2	329/2	0.25	5/8	5/8	Chord	3/4	1	1	1/16		1/16	1	630									
55	55	659/4	659/4	0.25	11/16	11/16	Chord	3/4	1	1	1/16		1/16	1	631									
55	55	162	162	1.0	0	0	Chord	3/4	2	1	1/4		1/4	1	632									
55	55	163	163	1.0	1/4	1/4	Chord	3/4	2	1	1/4		1/4	1	633									
55	55	164	164	1.0	1/2	1/2	Chord	3/4	2	1	1/4		1/4	1	634									
55	55	162	162	1.0	0	0	Chord	3/4	2	2	1/4		1/4	1	635									
55	55	163	163	1.0	1/4	1/4	Chord	3/4	2	2	1/4		1/4	1	636									
55	55	164	164	1.0	1/2	1/2	Chord	3/4	2	2	1/4		1/4	1	637									
56	56	165	165	0.25	0	0	Chord	3/4	1	1	1/16		1/16	1	638		ornamentTrill							
56	56	661/4	661/4	0.25	1/16	1/16	Chord	3/4	1	1	1/16		1/16	1	639									
56	56	331/2	331/2	0.25	1/8	1/8	Chord	3/4	1	1	1/16		1/16	1	640									
56	56	663/4	663/4	0.25	3/16	3/16	Chord	3/4	1	1	1/16		1/16	1	641									
56	56	166	166	0.25	1/4	1/4	Chord	3/4	1	1	1/16		1/16	1	642		ornamentTrill							
56	56	665/4	665/4	0.25	5/16	5/16	Chord	3/4	1	1	1/16		1/16	1	643									
56	56	333/2	333/2	0.25	3/8	3/8	Chord	3/4	1	1	1/16		1/16	1	644									
56	56	667/4	667/4	0.25	7/16	7/16	Chord	3/4	1	1	1/16		1/16	1	645									
56	56	167	167	0.25	1/2	1/2	Chord	3/4	1	1	1/16		1/16	1	646		ornamentTrill							
56	56	669/4	669/4	0.25	9/16	9/16	Chord	3/4	1	1	1/16		1/16	1	647									
56	56	335/2	335/2	0.25	5/8	5/8	Chord	3/4	1	1	1/16		1/16	1	648									
56	56	671/4	671/4	0.25	11/16	11/16	Chord	3/4	1	1	1/16		1/16	1	649									
56	56	165	165	1.0	0	0	Chord	3/4	2	1	1/4		1/4	1	650									
56	56	166	166	1.0	1/4	1/4	Chord	3/4	2	1	1/4		1/4	1	651									
56	56	167	167	1.0	1/2	1/2	Chord	3/4	2	1	1/4		1/4	1	652									
56	56	165	165	1.0	0	0	Chord	3/4	2	2	1/4		1/4	1	653									
56	56	166	166	1.0	1/4	1/4	Chord	3/4	2	2	1/4		1/4	1	654									
56	56	167	167	1.0	1/2	1/2	Chord	3/4	2	2	1/4		1/4	1	655									
57	57	168	168	0.25	0	0	Chord	3/4	1	1	1/16		1/16	1	656									
57	57	673/4	673/4	0.25	1/16	1/16	Chord	3/4	1	1	1/16		1/16	1	657									
57	57	337/2	337/2	0.25	1/8	1/8	Chord	3/4	1	1	1/16		1/16	1	658									
57	57	675/4	675/4	0.25	3/16	3/16	Chord	3/4	1	1	1/16		1/16	1	659									
57	57	169	169	0.25	1/4	1/4	Chord	3/4	1	1	1/16		1/16	1	660									
57	57	677/4	677/4	0.25	5/16	5/16	Chord	3/4	1	1	1/16		1/16	1	661									
57	57	339/2	339/2	0.25	3/8	3/8	Chord	3/4	1	1	1/16		1/16	1	662									
57	57	679/4	679/4	0.25	7/16	7/16	Chord	3/4	1	1	1/16		1/16	1	663									
57	57	170	170	0.25	1/2	1/2	Chord	3/4	1	1	1/16		1/16	1	664									
57	57	681/4	681/4	0.25	9/16	9/16	Chord	3/4	1	1	1/16		1/16	1	665									
57	57	341/2	341/2	0.25	5/8	5/8	Chord	3/4	1	1	1/16		1/16	1	666									
57	57	683/4	683/4	0.25	11/16	11/16	Chord	3/4	1	1	1/16		1/16	1	667									
57	57	168	168	1.0	0	0	Chord	3/4	2	1	1/4		1/4	1	668									
57	57	169	169	1.0	1/4	1/4	Chord	3/4	2	1	1/4		1/4	1	669									
57	57	170	170	1.0	1/2	1/2	Chord	3/4	2	1	1/4		1/4	1	670									
57	57	168	168	1.0	0	0	Chord	3/4	2	2	1/4		1/4	1	671									
57	57	169	169	1.0	1/4	1/4	Chord	3/4	2	2	1/4		1/4	1	672									
57	57	170	170	1.0	1/2	1/2	Chord	3/4	2	2	1/4		1/4	1	673									
58	58	171	171	0.25	0	0	Chord	3/4	1	1	1/16		1/16	1	674									
58	58	685/4	685/4	0.25	1/16	1/16	Chord	3/4	1	1	1/16		1/16	1	675									
58	58	343/2	343/2	0.25	1/8	1/8	Chord	3/4	1	1	1/16		1/16	1	676									
58	58	687/4	687/4	0.25	3/16	3/16	Chord	3/4	1	1	1/16		1/16	1	677									
58	58	172	172	0.25	1/4	1/4	Chord	3/4	1	1	1/16		1/16	1	678									
58	58	689/4	689/4	0.25	5/16	5/16	Chord	3/4	1	1	1/16		1/16	1	679									
58	58	345/2	345/2	0.25	3/8	3/8	Chord	3/4	1	1	1/16		1/16	1	680									
58	58	691/4	691/4	0.25	7/16	7/16	Chord	3/4	1	1	1/16		1/16	1	681									
58	58	173	173	1.0	1/2	1/2	Chord	3/4	1	1	1/4		1/4	1	682									
58	58	171	171	2.0	0	0	Chord	3/4	2	1	1/2		1/2	1	683									
58	58	173	173	0.25	1/2	1/2	Chord	3/4	2	1	1/16		1/16	1	684									
58	58	693/4	693/4	0.25	9/16	9/16	Chord	3/4	2	1	1/16		1/16	1	685									
58	58	347/2	347/2	0.25	5/8	5/8	Chord	3/4	2	1	1/16		1/16	1	686									
58	58	695/4	695/4	0.25	11/16	11/16	Chord	3/4	2	1	1/16		1/16	1	687									
58	58	171	171	2.0	0	0	Chord	3/4	2	2	1/2		1/2	1	688									
59	59	174	174	0.0	0	0	Dynamic	3/4	1	1	0					p								
59	59	174	174	1.0	0	0	Chord	3/4	1	1	1/4		1/4	1	689									50
59	59	175	175	1.0	1/4	1/4	Chord	3/4	1	1	1/4		1/4	1	690									50
59	59	176	176	1.0	1/2	1/2	Chord	3/4	1	1	1/4		1/4	1	691									
59	59	174	174	0.5	0	0	Chord	3/4	2	1	1/8		1/8	1	692									
59	59	349/2	349/2	0.5	1/8	1/8	Chord	3/4	2	1	1/8		1/8	1	693									
59	59	175	175	0.5	1/4	1/4	Chord	3/4	2	1	1/8		1/8	1	694									
59	59	351/2	351/2	0.5	3/8	3/8	Chord	3/4	2	1	1/8		1/8	1	695									
59	59	176	176	0.5	1/2	1/2	Chord	3/4	2	1	1/8		1/8	1	696									
59	59	353/2	353/2	0.5	5/8	5/8	Chord	3/4	2	1	1/8		1/8	1	697									
60	60	177	177	2.0	0	0	Chord	3/4	1	1	1/2		1/2	1	698									
60	60	179	179	0.75	1/2	1/2	Chord	3/4	1	1	3/16		1/8	3/2	699									
60	60	719/4	719/4	0.25	11/16	11/16	Chord	3/4	1	1	1/16		1/16	1	700									
60	60	177	177	0.5	0	0	Chord	3/4	2	1	1/8		1/8	1	701									51
60	60	355/2	355/2	0.5	1/8	1/8	Chord	3/4	2	1	1/8		1/8	1	702									51
60	60	178	178	0.5	1/4	1/4	Chord	3/4	2	1	1/8		1/8	1	703									51
60	60	357/2	357/2	0.5	3/8	3/8	Chord	3/4	2	1	1/8		1/8	1	704									51
60	60	179	179	0.5	1/2	1/2	Chord	3/4	2	1	1/8		1/8	1	705									51
60	60	359/2	359/2	0.5	5/8	5/8	Chord	3/4	2	1	1/8		1/8	1	706									
61	61	180	180	0.0	0	0	Chord	3/4	1	1	0	appoggiatura	1/8	1	707									
61	61	180	180	1.0	0	0	Chord	3/4	1	1	1/4		1/4	1	708									
61	61	181	181	0.0	1/4	1/4	Chord	3/4	1	1	0	appoggiatura	1/8	1	709									
61	61	181	181	1.0	1/4	1/4	Chord	3/4	1	1	1/4		1/4	1	710									
61	61	182	182	0.0	1/2	1/2	Chord	3/4	1	1	0	appoggiatura	1/8	1	711									
61	61	182	182	1.0	1/2	1/2	Chord	3/4	1	1	1/4		1/4	1	712									
61	61	180	180	0.5	0	0	Chord	3/4	2	1	1/8		1/8	1	713									
61	61	361/2	361/2	0.5	1/8	1/8	Chord	3/4	2	1	1/8		1/8	1	714									
61	61	181	181	0.5	1/4	1/4	Chord	3/4	2	1	1/8		1/8	1	715									
61	61	363/2	363/2	0.5	3/8	3/8	Chord	3/4	2	1	1/8		1/8	1	716									
61	61	182	182	0.5	1/2	1/2	Chord	3/4	2	1	1/8		1/8	1	717									
61	61	365/2	365/2	0.5	5/8	5/8	Chord	3/4	2	1	1/8		1/8	1	718									
62	62	183	183	1.0	0	0	Chord	3/4	1	1	1/4		1/4	1	719									52
62	62	184	184	0.5	1/4	1/4	Chord	3/4	1	1	1/8		1/8	1	720		ornamentTrill							
62	62	369/2	369/2	0.5	3/8	3/8	Chord	3/4	1	1	1/8		1/8	1	721									
62	62	185	185	1.0	1/2	1/2	Chord	3/4	1	1	1/4		1/4	1	722									
62	62	367/2	367/2	0.5	1/8	1/8	Chord	3/4	1	2	1/8		1/8	1	723									
62	62	184	184	0.5	1/4	1/4	Chord	3/4	1	2	1/8		1/8	1	724									
62	62	369/2	369/2	0.5	3/8	3/8	Chord	3/4	1	2	1/8		1/8	1	725									
62	62	185	185	0.5	1/2	1/2	Chord	3/4	1	2	1/8		1/8	1	726									
62	62	371/2	371/2	0.5	5/8	5/8	Chord	3/4	1	2	1/8		1/8	1	727									
62	62	183	183	3.0	0	0	Chord	3/4	2	1	3/4		1/2	3/2	728									
63	63	186	186	0.5	0	0	Chord	3/4	1	1	1/8		1/8	1	729									
63	63	373/2	373/2	0.5	1/8	1/8	Chord	3/4	1	1	1/8		1/8	1	730									
63	63	187	187	0.5	1/4	1/4	Chord	3/4	1	1	1/8		1/8	1	731									
63	63	375/2	375/2	0.5	3/8	3/8	Chord	3/4	1	1	1/8		1/8	1	732									
63	63	188	188	1.0	1/2	1/2	Chord	3/4	1	1	1/4		1/4	1	733									
63	63	373/2	373/2	0.5	1/8	1/8	Chord	3/4	1	2	1/8		1/8	1	734									
63	63	187	187	0.5	1/4	1/4	Chord	3/4	1	2	1/8		1/8	1	735									
63	63	375/2	375/2	0.5	3/8	3/8	Chord	3/4	1	2	1/8		1/8	1	736									
63	63	188	188	1.0	1/2	1/2	Chord	3/4	1	2	1/4		1/4	1	737									
63	63	186	186	2.0	0	0	Chord	3/4	2	1	1/2		1/2	1	738									
63	63	188	188	0.5	1/2	1/2	Chord	3/4	2	1	1/8		1/8	1	739									
63	63	377/2	377/2	0.5	5/8	5/8	Chord	3/4	2	1	1/8		1/8	1	740									
64	64	189	189	0.5	0	0	Chord	3/4	1	1	1/8		1/8	1	741									
64	64	379/2	379/2	0.5	1/8	1/8	Chord	3/4	1	1	1/8		1/8	1	742									
64	64	190	190	0.0	1/4	1/4	Chord	3/4	1	1	0	grace16	1/16	1	743									
64	64	190	190	0.5	1/4	1/4	Chord	3/4	1	1	1/8		1/8	1	744									
64	64	381/2	381/2	0.5	3/8	3/8	Chord	3/4	1	1	1/8		1/8	1	745									
64	64	191	191	0.0	1/2	1/2	Chord	3/4	1	1	0	grace16	1/16	1	746									
64	64	191	191	0.5	1/2	1/2	Chord	3/4	1	1	1/8		1/8	1	747									
64	64	383/2	383/2	0.5	5/8	5/8	Chord	3/4	1	1	1/8		1/8	1	748									
64	64	189	189	0.5	0	0	Chord	3/4	1	2	1/8		1/8	1	749									
64	64	379/2	379/2	0.5	1/8	1/8	Chord	3/4	1	2	1/8		1/8	1	750									
64	64	190	190	0.5	1/4	1/4	Chord	3/4	1	2	1/8		1/8	1	751									
64	64	381/2	381/2	0.5	3/8	3/8	Chord	3/4	1	2	1/8		1/8	1	752									
64	64	191	191	0.5	1/2	1/2	Chord	3/4	1	2	1/8		1/8	1	753									
64	64	383/2	383/2	0.5	5/8	5/8	Chord	3/4	1	2	1/8		1/8	1	754									
64	64	189	189	3.0	0	0	Chord	3/4	2	1	3/4		1/2	3/2	755									
65	65	192	192	2.0	0	0	Chord	3/4	1	1	1/2		1/2	1	756									53
65	65	194	194	0.5	1/2	1/2	Chord	3/4	1	1	1/8		1/8	1	757									
65	65	779/4	779/4	0.25	11/16	11/16	Chord	3/4	1	1	1/16		1/16	1	758									
65	65	192	192	0.75	0	0	Chord	3/4	1	2	3/16		1/8	3/2	759									54
65	65	771/4	771/4	0.125	3/16	3/16	Chord	3/4	1	2	1/32		1/32	1	760									54
65	65	1543/8	1543/8	0.125	7/32	7/32	Chord	3/4	1	2	1/32		1/32	1	761									
65	65	193	193	0.5	1/4	1/4	Chord	3/4	1	2	1/8		1/8	1	762									
65	65	387/2	387/2	0.5	3/8	3/8	Chord	3/4	1	2	1/8		1/8	1	763									
65	65	194	194	0.5	1/2	1/2	Chord	3/4	1	2	1/8		1/8	1	764									
65	65	389/2	389/2	0.5	5/8	5/8	Chord	3/4	1	2	1/8		1/8	1	765									
65	65	192	192	0.0	0	0	Dynamic	3/4	2	1	0					f								
65	65	192	192	2.0	0	0	Chord	3/4	2	1	1/2		1/2	1	766									
65	65	194	194	0.5	1/2	1/2	Chord	3/4	2	1	1/8		1/8	1	767									
65	65	389/2	389/2	0.5	5/8	5/8	Chord	3/4	2	1	1/8		1/8	1	768									
66	66	195	195	0.5	0	0	Chord	3/4	1	1	1/8		1/8	1	769									
66	66	391/2	391/2	0.5	1/8	1/8	Chord	3/4	1	1	1/8		1/8	1	770									
66	66	196	196	0.5	1/4	1/4	Chord	3/4	1	1	1/8		1/8	1	771									
66	66	393/2	393/2	0.5	3/8	3/8	Chord	3/4	1	1	1/8		1/8	1	772									
66	66	197	197	0.5	1/2	1/2	Chord	3/4	1	1	1/8		1/8	1	773									
66	66	395/2	395/2	0.5	5/8	5/8	Chord	3/4	1	1	1/8		1/8	1	774									
66	66	391/2	391/2	0.5	1/8	1/8	Chord	3/4	1	2	1/8		1/8	1	775									
66	66	196	196	0.5	1/4	1/4	Chord	3/4	1	2	1/8		1/8	1	776									
66	66	393/2	393/2	0.5	3/8	3/8	Chord	3/4	1	2	1/8		1/8	1	777									
66	66	197	197	0.5	1/2	1/2	Chord	3/4	1	2	1/8		1/8	1	778									
66	66	395/2	395/2	0.5	5/8	5/8	Chord	3/4	1	2	1/8		1/8	1	779									
66	66	195	195	0.5	0	0	Chord	3/4	2	1	1/8		1/8	1	780									
66	66	391/2	391/2	0.5	1/8	1/8	Chord	3/4	2	1	1/8		1/8	1	781									
66	66	196	196	1.0	1/4	1/4	Chord	3/4	2	1	1/4		1/4	1	782									
66	66	197	197	1.0	1/2	1/2	Chord	3/4	2	1	1/4		1/4	1	783									
66	66	195	195	0.5	0	0	Chord	3/4	2	2	1/8		1/8	1	784									
67	67	198	198	0.25	0	0	Chord	3/4	1	1	1/16		1/16	1	785									
67	67	793/4	793/4	0.25	1/16	1/16	Chord	3/4	1	1	1/16		1/16	1	786									
67	67	397/2	397/2	0.25	1/8	1/8	Chord	3/4	1	1	1/16		1/16	1	787									
67	67	795/4	795/4	0.25	3/16	3/16	Chord	3/4	1	1	1/16		1/16	1	788									
67	67	199	199	0.25	1/4	1/4	Chord	3/4	1	1	1/16		1/16	1	789									
67	67	797/4	797/4	0.25	5/16	5/16	Chord	3/4	1	1	1/16		1/16	1	790									
67	67	399/2	399/2	0.25	3/8	3/8	Chord	3/4	1	1	1/16		1/16	1	791									
67	67	799/4	799/4	0.25	7/16	7/16	Chord	3/4	1	1	1/16		1/16	1	792									
67	67	200	200	0.25	1/2	1/2	Chord	3/4	1	1	1/16		1/16	1	793									
67	67	801/4	801/4	0.25	9/16	9/16	Chord	3/4	1	1	1/16		1/16	1	794									
67	67	401/2	401/2	0.25	5/8	5/8	Chord	3/4	1	1	1/16		1/16	1	795									
67	67	803/4	803/4	0.25	11/16	11/16	Chord	3/4	1	1	1/16		1/16	1	796									
67	67	198	198	1.0	0	0	Chord	3/4	2	1	1/4		1/4	1	797									
67	67	200	200	1.0	1/2	1/2	Chord	3/4	2	1	1/4		1/4	1	798									
68	68	201	201	0.0	0	0	Chord	3/4	1	1	0	grace16	1/16	1	799									
68	68	201	201	0.5	0	0	Chord	3/4	1	1	1/8		1/8	1	800									
68	68	403/2	403/2	0.25	1/8	1/8	Chord	3/4	1	1	1/16		1/16	1	801									
68	68	807/4	807/4	0.25	3/16	3/16	Chord	3/4	1	1	1/16		1/16	1	802									
68	68	202	202	1.0	1/4	1/4	Chord	3/4	1	1	1/4		1/4	1	803									
68	68	203	203	1.0	1/2	1/2	Chord	3/4	1	1	1/4		1/4	1	804									
68	68	202	202	1.0	1/4	1/4	Chord	3/4	1	2	1/4		1/4	1	805									
68	68	203	203	1.0	1/2	1/2	Chord	3/4	1	2	1/4		1/4	1	806									
68	68	201	201	1.0	0	0	Chord	3/4	2	1	1/4		1/4	1	807									
68	68	202	202	1.0	1/4	1/4	Chord	3/4	2	1	1/4		1/4	1	808									
68	68	203	203	1.0	1/2	1/2	Chord	3/4	2	1	1/4		1/4	1	809									
69	69	204	204	1.0	0	0	Chord	3/4	1	1	1/4		1/4	1	810									
69	69	204	204	0.5	0	0	Chord	3/4	2	1	1/8		1/8	1	811									
69	69	409/2	409/2	0.5	1/8	1/8	Chord	3/4	2	1	1/8		1/8	1	812									
69	69	205	205	0.5	1/4	1/4	Chord	3/4	2	1	1/8		1/8	1	813									
69	69	411/2	411/2	0.5	3/8	3/8	Chord	3/4	2	1	1/8		1/8	1	814									
69	69	206	206	0.5	1/2	1/2	Chord	3/4	2	1	1/8		1/8	1	815									
69	69	413/2	413/2	0.5	5/8	5/8	Chord	3/4	2	1	1/8		1/8	1	816									
