mc	mn	quarterbeats	quarterbeats_all_endings	duration_qb	mc_onset	mn_onset	event	timesig	staff	voice	duration	gracenote	nominal_duration	scalar	chord_id	articulation	staff_text	tempo	qpm	metronome_base	metronome_number	tempo_visible	slur	Vibrato:guitarVibratoWide
1	1	0	0	0.0	0	0	Tempo	3/4	1	1	0							ùÖü=48	48.0	ùÖü	48.0	0.0		
1	1	0	0	1.0	0	0	Chord	3/4	1	1	1/4		1/4	1	0									
1	1	1	1	1.5	1/4	1/4	Chord	3/4	1	1	3/8		1/4	3/2	1									
1	1	5/2	5/2	0.5	5/8	5/8	Chord	3/4	1	1	1/8		1/8	1	2									
1	1	1/4	1/4	0.25	1/16	1/16	Chord	3/4	2	1	1/16		1/16	1	3									
1	1	1/2	1/2	0.25	1/8	1/8	Chord	3/4	2	1	1/16		1/16	1	4									
1	1	3/4	3/4	0.25	3/16	3/16	Chord	3/4	2	1	1/16		1/16	1	5									
1	1	1	1	0.25	1/4	1/4	Chord	3/4	2	1	1/16		1/16	1	6									
1	1	5/4	5/4	0.25	5/16	5/16	Chord	3/4	2	1	1/16		1/16	1	7									
1	1	3/2	3/2	0.25	3/8	3/8	Chord	3/4	2	1	1/16		1/16	1	8									
1	1	7/4	7/4	0.25	7/16	7/16	Chord	3/4	2	1	1/16		1/16	1	9									
1	1	2	2	0.25	1/2	1/2	Chord	3/4	2	1	1/16		1/16	1	10									
1	1	9/4	9/4	0.25	9/16	9/16	Chord	3/4	2	1	1/16		1/16	1	11									
1	1	5/2	5/2	0.25	5/8	5/8	Chord	3/4	2	1	1/16		1/16	1	12									
1	1	11/4	11/4	0.25	11/16	11/16	Chord	3/4	2	1	1/16		1/16	1	13									
1	1	0	0	1.0	0	0	Chord	3/4	2	2	1/4		1/4	1	14									
2	2	3	3	0.0	0	0	Chord	3/4	1	1	0	appoggiatura	1/8	1	15									
2	2	3	3	0.75	0	0	Chord	3/4	1	1	3/16		1/8	3/2	16									
2	2	15/4	15/4	0.25	3/16	3/16	Chord	3/4	1	1	1/16		1/16	1	17									
2	2	4	4	1.0	1/4	1/4	Chord	3/4	1	1	1/4		1/4	1	18									
2	2	11/2	11/2	0.5	5/8	5/8	Chord	3/4	1	1	1/8		1/8	1	19									
2	2	13/4	13/4	0.25	1/16	1/16	Chord	3/4	2	1	1/16		1/16	1	20									
2	2	7/2	7/2	0.25	1/8	1/8	Chord	3/4	2	1	1/16		1/16	1	21									
2	2	15/4	15/4	0.25	3/16	3/16	Chord	3/4	2	1	1/16		1/16	1	22									
2	2	4	4	0.25	1/4	1/4	Chord	3/4	2	1	1/16		1/16	1	23									
2	2	17/4	17/4	0.25	5/16	5/16	Chord	3/4	2	1	1/16		1/16	1	24									
2	2	9/2	9/2	0.25	3/8	3/8	Chord	3/4	2	1	1/16		1/16	1	25									
2	2	19/4	19/4	0.25	7/16	7/16	Chord	3/4	2	1	1/16		1/16	1	26									
2	2	5	5	0.25	1/2	1/2	Chord	3/4	2	1	1/16		1/16	1	27									
2	2	21/4	21/4	0.25	9/16	9/16	Chord	3/4	2	1	1/16		1/16	1	28									
2	2	11/2	11/2	0.25	5/8	5/8	Chord	3/4	2	1	1/16		1/16	1	29									
2	2	23/4	23/4	0.25	11/16	11/16	Chord	3/4	2	1	1/16		1/16	1	30									
3	3	6	6	0.0	0	0	Chord	3/4	1	1	0	appoggiatura	1/8	1	31									
3	3	6	6	0.75	0	0	Chord	3/4	1	1	3/16		1/8	3/2	32									
3	3	27/4	27/4	0.25	3/16	3/16	Chord	3/4	1	1	1/16		1/16	1	33									
3	3	7	7	1.0	1/4	1/4	Chord	3/4	1	1	1/4		1/4	1	34									
3	3	17/2	17/2	0.5	5/8	5/8	Chord	3/4	1	1	1/8		1/8	1	35									
3	3	25/4	25/4	0.25	1/16	1/16	Chord	3/4	2	1	1/16		1/16	1	36									
3	3	13/2	13/2	0.25	1/8	1/8	Chord	3/4	2	1	1/16		1/16	1	37									
3	3	27/4	27/4	0.25	3/16	3/16	Chord	3/4	2	1	1/16		1/16	1	38									
3	3	7	7	0.25	1/4	1/4	Chord	3/4	2	1	1/16		1/16	1	39									
3	3	29/4	29/4	0.25	5/16	5/16	Chord	3/4	2	1	1/16		1/16	1	40									
3	3	15/2	15/2	0.25	3/8	3/8	Chord	3/4	2	1	1/16		1/16	1	41									
3	3	31/4	31/4	0.25	7/16	7/16	Chord	3/4	2	1	1/16		1/16	1	42									
3	3	8	8	0.25	1/2	1/2	Chord	3/4	2	1	1/16		1/16	1	43									
3	3	33/4	33/4	0.25	9/16	9/16	Chord	3/4	2	1	1/16		1/16	1	44									
3	3	17/2	17/2	0.25	5/8	5/8	Chord	3/4	2	1	1/16		1/16	1	45									
3	3	35/4	35/4	0.25	11/16	11/16	Chord	3/4	2	1	1/16		1/16	1	46									
4	4	9	9	0.5	0	0	Chord	3/4	1	1	1/8		1/8	1	47									
4	4	19/2	19/2	0.5	1/8	1/8	Chord	3/4	1	1	1/8		1/8	1	48	ornamentTrill								
4	4	10	10	0.25	1/4	1/4	Chord	3/4	1	1	1/16		1/16	1	49									
4	4	41/4	41/4	0.25	5/16	5/16	Chord	3/4	1	1	1/16		1/16	1	50									
4	4	21/2	21/2	0.25	3/8	3/8	Chord	3/4	1	1	1/16		1/16	1	51									
4	4	43/4	43/4	0.25	7/16	7/16	Chord	3/4	1	1	1/16		1/16	1	52									
4	4	11	11	0.25	1/2	1/2	Chord	3/4	1	1	1/16		1/16	1	53	ornamentTrill								
4	4	45/4	45/4	0.25	9/16	9/16	Chord	3/4	1	1	1/16		1/16	1	54									
4	4	23/2	23/2	0.25	5/8	5/8	Chord	3/4	1	1	1/16		1/16	1	55	ornamentTrill								
4	4	47/4	47/4	0.25	11/16	11/16	Chord	3/4	1	1	1/16		1/16	1	56									
4	4	37/4	37/4	0.25	1/16	1/16	Chord	3/4	2	1	1/16		1/16	1	57									
4	4	19/2	19/2	0.25	1/8	1/8	Chord	3/4	2	1	1/16		1/16	1	58									
4	4	39/4	39/4	0.25	3/16	3/16	Chord	3/4	2	1	1/16		1/16	1	59									
4	4	10	10	2.0	1/4	1/4	Chord	3/4	2	1	1/2		1/2	1	60									
4	4	11	11	1.0	1/2	1/2	Chord	3/4	2	2	1/4		1/4	1	61									
5	5	12	12	1.0	0	0	Chord	3/4	1	1	1/4		1/4	1	62									
5	5	13	13	1.0	1/4	1/4	Chord	3/4	1	1	1/4		1/4	1	63									
5	5	14	14	0.25	1/2	1/2	Chord	3/4	1	1	1/16		1/16	1	64									
5	5	57/4	57/4	0.25	9/16	9/16	Chord	3/4	1	1	1/16		1/16	1	65									
5	5	29/2	29/2	0.25	5/8	5/8	Chord	3/4	1	1	1/16		1/16	1	66									
5	5	59/4	59/4	0.25	11/16	11/16	Chord	3/4	1	1	1/16		1/16	1	67									
5	5	13	13	0.25	1/4	1/4	Chord	3/4	1	2	1/16		1/16	1	68									
5	5	53/4	53/4	0.25	5/16	5/16	Chord	3/4	1	2	1/16		1/16	1	69									
5	5	27/2	27/2	0.25	3/8	3/8	Chord	3/4	1	2	1/16		1/16	1	70									
5	5	55/4	55/4	0.25	7/16	7/16	Chord	3/4	1	2	1/16		1/16	1	71									
5	5	12	12	1.0	0	0	Chord	3/4	2	1	1/4		1/4	1	72									
5	5	13	13	1.0	1/4	1/4	Chord	3/4	2	1	1/4		1/4	1	73									
5	5	14	14	0.5	1/2	1/2	Chord	3/4	2	1	1/8		1/8	1	74									
5	5	29/2	29/2	0.5	5/8	5/8	Chord	3/4	2	1	1/8		1/8	1	75									
5	5	12	12	0.25	0	0	Chord	3/4	2	2	1/16		1/16	1	76									
5	5	49/4	49/4	0.25	1/16	1/16	Chord	3/4	2	2	1/16		1/16	1	77									
5	5	25/2	25/2	0.25	1/8	1/8	Chord	3/4	2	2	1/16		1/16	1	78									
5	5	51/4	51/4	0.25	3/16	3/16	Chord	3/4	2	2	1/16		1/16	1	79									
6	6	15	15	0.0	0	0	Chord	3/4	1	1	0	appoggiatura	1/8	1	80									
6	6	15	15	0.5	0	0	Chord	3/4	1	1	1/8		1/8	1	81									
6	6	31/2	31/2	0.25	1/8	1/8	Chord	3/4	1	1	1/16		1/16	1	82									
6	6	63/4	63/4	0.25	3/16	3/16	Chord	3/4	1	1	1/16		1/16	1	83									
6	6	16	16	1.0	1/4	1/4	Chord	3/4	1	1	1/4		1/4	1	84									
6	6	17	17	1.0	1/2	1/2	Chord	3/4	1	1	1/4		1/4	1	85	ornamentTrill								
6	6	15	15	1.0	0	0	Chord	3/4	2	1	1/4		1/4	1	86									
6	6	16	16	1.0	1/4	1/4	Chord	3/4	2	1	1/4		1/4	1	87									
6	6	17	17	1.0	1/2	1/2	Chord	3/4	2	1	1/4		1/4	1	88									
6	6	15	15	0.5	0	0	Chord	3/4	2	2	1/8		1/8	1	89									
6	6	31/2	31/2	0.5	1/8	1/8	Chord	3/4	2	2	1/8		1/8	1	90									
6	6	65/4	65/4	0.25	5/16	5/16	Chord	3/4	2	2	1/16		1/16	1	91									
6	6	33/2	33/2	0.25	3/8	3/8	Chord	3/4	2	2	1/16		1/16	1	92									
6	6	67/4	67/4	0.25	7/16	7/16	Chord	3/4	2	2	1/16		1/16	1	93									
6	6	69/4	69/4	0.25	9/16	9/16	Chord	3/4	2	2	1/16		1/16	1	94									
6	6	35/2	35/2	0.25	5/8	5/8	Chord	3/4	2	2	1/16		1/16	1	95									
6	6	71/4	71/4	0.25	11/16	11/16	Chord	3/4	2	2	1/16		1/16	1	96									
7	7	18	18	0.75	0	0	Chord	3/4	1	1	3/16		1/8	3/2	97									
7	7	75/4	75/4	0.25	3/16	3/16	Chord	3/4	1	1	1/16		1/16	1	98									
7	7	19	19	1.0	1/4	1/4	Chord	3/4	1	1	1/4		1/4	1	99									
7	7	41/2	41/2	0.5	5/8	5/8	Chord	3/4	1	1	1/8		1/8	1	100									
7	7	73/4	73/4	0.25	1/16	1/16	Chord	3/4	2	1	1/16		1/16	1	101									
7	7	37/2	37/2	0.25	1/8	1/8	Chord	3/4	2	1	1/16		1/16	1	102									
7	7	75/4	75/4	0.25	3/16	3/16	Chord	3/4	2	1	1/16		1/16	1	103									
7	7	19	19	0.25	1/4	1/4	Chord	3/4	2	1	1/16		1/16	1	104									
7	7	77/4	77/4	0.25	5/16	5/16	Chord	3/4	2	1	1/16		1/16	1	105									
7	7	39/2	39/2	0.25	3/8	3/8	Chord	3/4	2	1	1/16		1/16	1	106									
7	7	79/4	79/4	0.25	7/16	7/16	Chord	3/4	2	1	1/16		1/16	1	107									
7	7	20	20	0.25	1/2	1/2	Chord	3/4	2	1	1/16		1/16	1	108									
7	7	81/4	81/4	0.25	9/16	9/16	Chord	3/4	2	1	1/16		1/16	1	109									
7	7	41/2	41/2	0.25	5/8	5/8	Chord	3/4	2	1	1/16		1/16	1	110									
7	7	83/4	83/4	0.25	11/16	11/16	Chord	3/4	2	1	1/16		1/16	1	111									
8	8	21	21	0.75	0	0	Chord	3/4	1	1	3/16		1/8	3/2	112									
8	8	87/4	87/4	0.25	3/16	3/16	Chord	3/4	1	1	1/16		1/16	1	113									
8	8	22	22	1.0	1/4	1/4	Chord	3/4	1	1	1/4		1/4	1	114									
8	8	23	23	0.25	1/2	1/2	Chord	3/4	1	1	1/16		1/16	1	115									
8	8	93/4	93/4	0.25	9/16	9/16	Chord	3/4	1	1	1/16		1/16	1	116									
8	8	47/2	47/2	0.25	5/8	5/8	Chord	3/4	1	1	1/16		1/16	1	117									
8	8	95/4	95/4	0.25	11/16	11/16	Chord	3/4	1	1	1/16		1/16	1	118									
8	8	22	22	1.5	1/4	1/4	Chord	3/4	1	2	3/8		1/4	3/2	119									
8	8	47/2	47/2	0.5	5/8	5/8	Chord	3/4	1	2	1/8		1/8	1	120									
8	8	85/4	85/4	0.25	1/16	1/16	Chord	3/4	2	1	1/16		1/16	1	121									
8	8	43/2	43/2	0.25	1/8	1/8	Chord	3/4	2	1	1/16		1/16	1	122									
8	8	87/4	87/4	0.25	3/16	3/16	Chord	3/4	2	1	1/16		1/16	1	123									
8	8	22	22	0.25	1/4	1/4	Chord	3/4	2	1	1/16		1/16	1	124									
8	8	89/4	89/4	0.25	5/16	5/16	Chord	3/4	2	1	1/16		1/16	1	125									
8	8	45/2	45/2	0.25	3/8	3/8	Chord	3/4	2	1	1/16		1/16	1	126									
8	8	91/4	91/4	0.25	7/16	7/16	Chord	3/4	2	1	1/16		1/16	1	127									
8	8	23	23	0.25	1/2	1/2	Chord	3/4	2	1	1/16		1/16	1	128									
8	8	93/4	93/4	0.25	9/16	9/16	Chord	3/4	2	1	1/16		1/16	1	129									
8	8	47/2	47/2	0.25	5/8	5/8	Chord	3/4	2	1	1/16		1/16	1	130									
8	8	95/4	95/4	0.25	11/16	11/16	Chord	3/4	2	1	1/16		1/16	1	131									
9	9	24	24	0.0	0	0	Chord	3/4	1	1	0	appoggiatura	1/8	1	132									
9	9	24	24	0.5	0	0	Chord	3/4	1	1	1/8		1/8	1	133	ornamentTrill								
9	9	49/2	49/2	0.5	1/8	1/8	Chord	3/4	1	1	1/8		1/8	1	134									
9	9	51/2	51/2	0.5	3/8	3/8	Chord	3/4	1	1	1/8		1/8	1	135									
9	9	26	26	0.5	1/2	1/2	Chord	3/4	1	1	1/8		1/8	1	136									
9	9	53/2	53/2	0.5	5/8	5/8	Chord	3/4	1	1	1/8		1/8	1	137									
9	9	24	24	0.5	0	0	Chord	3/4	1	2	1/8		1/8	1	138									
9	9	49/2	49/2	0.5	1/8	1/8	Chord	3/4	1	2	1/8		1/8	1	139									
9	9	51/2	51/2	0.5	3/8	3/8	Chord	3/4	1	2	1/8		1/8	1	140									
9	9	26	26	0.5	1/2	1/2	Chord	3/4	1	2	1/8		1/8	1	141									
9	9	53/2	53/2	0.5	5/8	5/8	Chord	3/4	1	2	1/8		1/8	1	142									
9	9	97/4	97/4	0.25	1/16	1/16	Chord	3/4	2	1	1/16		1/16	1	143									
9	9	49/2	49/2	0.25	1/8	1/8	Chord	3/4	2	1	1/16		1/16	1	144									
9	9	99/4	99/4	0.25	3/16	3/16	Chord	3/4	2	1	1/16		1/16	1	145									
9	9	25	25	0.25	1/4	1/4	Chord	3/4	2	1	1/16		1/16	1	146									
9	9	101/4	101/4	0.25	5/16	5/16	Chord	3/4	2	1	1/16		1/16	1	147									
9	9	51/2	51/2	0.25	3/8	3/8	Chord	3/4	2	1	1/16		1/16	1	148									
9	9	103/4	103/4	0.25	7/16	7/16	Chord	3/4	2	1	1/16		1/16	1	149									
9	9	26	26	0.25	1/2	1/2	Chord	3/4	2	1	1/16		1/16	1	150									
9	9	105/4	105/4	0.25	9/16	9/16	Chord	3/4	2	1	1/16		1/16	1	151									
9	9	53/2	53/2	0.25	5/8	5/8	Chord	3/4	2	1	1/16		1/16	1	152									
9	9	107/4	107/4	0.25	11/16	11/16	Chord	3/4	2	1	1/16		1/16	1	153									
10	10	27	27	0.5	0	0	Chord	3/4	1	1	1/8		1/8	1	154									
10	10	55/2	55/2	0.5	1/8	1/8	Chord	3/4	1	1	1/8		1/8	1	155									
10	10	57/2	57/2	0.5	3/8	3/8	Chord	3/4	1	1	1/8		1/8	1	156									
10	10	29	29	0.5	1/2	1/2	Chord	3/4	1	1	1/8		1/8	1	157									
10	10	59/2	59/2	0.5	5/8	5/8	Chord	3/4	1	1	1/8		1/8	1	158									
10	10	27	27	0.5	0	0	Chord	3/4	1	2	1/8		1/8	1	159									
10	10	55/2	55/2	0.5	1/8	1/8	Chord	3/4	1	2	1/8		1/8	1	160									
10	10	57/2	57/2	0.5	3/8	3/8	Chord	3/4	1	2	1/8		1/8	1	161									
10	10	29	29	0.5	1/2	1/2	Chord	3/4	1	2	1/8		1/8	1	162									
10	10	59/2	59/2	0.5	5/8	5/8	Chord	3/4	1	2	1/8		1/8	1	163									
10	10	27	27	0.25	0	0	Chord	3/4	2	1	1/16		1/16	1	164									
10	10	109/4	109/4	0.25	1/16	1/16	Chord	3/4	2	1	1/16		1/16	1	165									
10	10	55/2	55/2	0.25	1/8	1/8	Chord	3/4	2	1	1/16		1/16	1	166									
10	10	111/4	111/4	0.25	3/16	3/16	Chord	3/4	2	1	1/16		1/16	1	167									
10	10	28	28	0.25	1/4	1/4	Chord	3/4	2	1	1/16		1/16	1	168									
10	10	113/4	113/4	0.25	5/16	5/16	Chord	3/4	2	1	1/16		1/16	1	169									
10	10	57/2	57/2	0.25	3/8	3/8	Chord	3/4	2	1	1/16		1/16	1	170									
10	10	115/4	115/4	0.25	7/16	7/16	Chord	3/4	2	1	1/16		1/16	1	171									
10	10	29	29	0.25	1/2	1/2	Chord	3/4	2	1	1/16		1/16	1	172									
10	10	117/4	117/4	0.25	9/16	9/16	Chord	3/4	2	1	1/16		1/16	1	173									
10	10	59/2	59/2	0.25	5/8	5/8	Chord	3/4	2	1	1/16		1/16	1	174									
10	10	119/4	119/4	0.25	11/16	11/16	Chord	3/4	2	1	1/16		1/16	1	175									
11	11	30	30	0.0	0	0	Chord	3/4	1	1	0	appoggiatura	1/8	1	176									
11	11	30	30	1.0	0	0	Chord	3/4	1	1	1/4		1/4	1	177	ornamentTrill								
11	11	31	31	1.0	1/4	1/4	Chord	3/4	1	1	1/4		1/4	1	178									
11	11	65/2	65/2	0.5	5/8	5/8	Chord	3/4	1	1	1/8		1/8	1	179									
11	11	30	30	1.0	0	0	Chord	3/4	1	2	1/4		1/4	1	180									
11	11	31	31	1.0	1/4	1/4	Chord	3/4	1	2	1/4		1/4	1	181									
11	11	65/2	65/2	0.5	5/8	5/8	Chord	3/4	1	2	1/8		1/8	1	182									
11	11	121/4	121/4	0.25	1/16	1/16	Chord	3/4	2	1	1/16		1/16	1	183									
11	11	61/2	61/2	0.25	1/8	1/8	Chord	3/4	2	1	1/16		1/16	1	184									
11	11	123/4	123/4	0.25	3/16	3/16	Chord	3/4	2	1	1/16		1/16	1	185									
11	11	31	31	0.25	1/4	1/4	Chord	3/4	2	1	1/16		1/16	1	186									
11	11	125/4	125/4	0.25	5/16	5/16	Chord	3/4	2	1	1/16		1/16	1	187									
11	11	63/2	63/2	0.25	3/8	3/8	Chord	3/4	2	1	1/16		1/16	1	188									
11	11	127/4	127/4	0.25	7/16	7/16	Chord	3/4	2	1	1/16		1/16	1	189									
11	11	32	32	0.25	1/2	1/2	Chord	3/4	2	1	1/16		1/16	1	190									
11	11	129/4	129/4	0.25	9/16	9/16	Chord	3/4	2	1	1/16		1/16	1	191									
11	11	65/2	65/2	0.25	5/8	5/8	Chord	3/4	2	1	1/16		1/16	1	192									
11	11	131/4	131/4	0.25	11/16	11/16	Chord	3/4	2	1	1/16		1/16	1	193									
12	12	33	33	0.25	0	0	Chord	3/4	1	1	1/16		1/16	1	194									
12	12	133/4	133/4	0.25	1/16	1/16	Chord	3/4	1	1	1/16		1/16	1	195									
12	12	67/2	67/2	0.0	1/8	1/8	Chord	3/4	1	1	0	appoggiatura	1/8	1	196									
12	12	67/2	67/2	0.25	1/8	1/8	Chord	3/4	1	1	1/16		1/16	1	197									
12	12	135/4	135/4	0.25	3/16	3/16	Chord	3/4	1	1	1/16		1/16	1	198									
12	12	34	34	1.5	1/4	1/4	Chord	3/4	1	1	3/8		1/4	3/2	199									
12	12	71/2	71/2	0.5	5/8	5/8	Chord	3/4	1	1	1/8		1/8	1	200									
12	12	33	33	1.0	0	0	Chord	3/4	1	2	1/4		1/4	1	201									
12	12	34	34	0.25	1/4	1/4	Chord	3/4	1	2	1/16		1/16	1	202									
12	12	137/4	137/4	0.25	5/16	5/16	Chord	3/4	1	2	1/16		1/16	1	203									
12	12	69/2	69/2	0.0	3/8	3/8	Chord	3/4	1	2	0	appoggiatura	1/8	1	204									
12	12	69/2	69/2	0.25	3/8	3/8	Chord	3/4	1	2	1/16		1/16	1	205									
12	12	139/4	139/4	0.25	7/16	7/16	Chord	3/4	1	2	1/16		1/16	1	206									
12	12	35	35	0.5	1/2	1/2	Chord	3/4	1	2	1/8		1/8	1	207									
12	12	71/2	71/2	0.5	5/8	5/8	Chord	3/4	1	2	1/8		1/8	1	208									
12	12	33	33	2.0	0	0	Chord	3/4	2	1	1/2		1/2	1	209									
12	12	35	35	0.25	1/2	1/2	Chord	3/4	2	1	1/16		1/16	1	210									
12	12	141/4	141/4	0.25	9/16	9/16	Chord	3/4	2	1	1/16		1/16	1	211									
12	12	71/2	71/2	0.25	5/8	5/8	Chord	3/4	2	1	1/16		1/16	1	212									
12	12	143/4	143/4	0.25	11/16	11/16	Chord	3/4	2	1	1/16		1/16	1	213									
13	13	36	36	0.25	0	0	Chord	3/4	1	1	1/16		1/16	1	214									
13	13	145/4	145/4	0.25	1/16	1/16	Chord	3/4	1	1	1/16		1/16	1	215									
13	13	73/2	73/2	0.0	1/8	1/8	Chord	3/4	1	1	0	appoggiatura	1/8	1	216									
13	13	73/2	73/2	0.25	1/8	1/8	Chord	3/4	1	1	1/16		1/16	1	217									
13	13	147/4	147/4	0.25	3/16	3/16	Chord	3/4	1	1	1/16		1/16	1	218									
13	13	37	37	1.5	1/4	1/4	Chord	3/4	1	1	3/8		1/4	3/2	219									
13	13	77/2	77/2	0.5	5/8	5/8	Chord	3/4	1	1	1/8		1/8	1	220									
13	13	36	36	1.0	0	0	Chord	3/4	1	2	1/4		1/4	1	221									
13	13	37	37	0.25	1/4	1/4	Chord	3/4	1	2	1/16		1/16	1	222									
13	13	149/4	149/4	0.25	5/16	5/16	Chord	3/4	1	2	1/16		1/16	1	223									
13	13	75/2	75/2	0.0	3/8	3/8	Chord	3/4	1	2	0	appoggiatura	1/8	1	224									
13	13	75/2	75/2	0.25	3/8	3/8	Chord	3/4	1	2	1/16		1/16	1	225									
13	13	151/4	151/4	0.25	7/16	7/16	Chord	3/4	1	2	1/16		1/16	1	226									
13	13	38	38	0.5	1/2	1/2	Chord	3/4	1	2	1/8		1/8	1	227									
13	13	77/2	77/2	0.5	5/8	5/8	Chord	3/4	1	2	1/8		1/8	1	228									
13	13	36	36	2.0	0	0	Chord	3/4	2	1	1/2		1/2	1	229									
13	13	38	38	0.25	1/2	1/2	Chord	3/4	2	1	1/16		1/16	1	230									
13	13	153/4	153/4	0.25	9/16	9/16	Chord	3/4	2	1	1/16		1/16	1	231									
13	13	77/2	77/2	0.25	5/8	5/8	Chord	3/4	2	1	1/16		1/16	1	232									
13	13	155/4	155/4	0.25	11/16	11/16	Chord	3/4	2	1	1/16		1/16	1	233									
14	14	39	39	0.25	0	0	Chord	3/4	1	1	1/16		1/16	1	234									
14	14	157/4	157/4	0.25	1/16	1/16	Chord	3/4	1	1	1/16		1/16	1	235									
14	14	79/2	79/2	0.25	1/8	1/8	Chord	3/4	1	1	1/16		1/16	1	236									
14	14	159/4	159/4	0.25	3/16	3/16	Chord	3/4	1	1	1/16		1/16	1	237									
14	14	40	40	0.25	1/4	1/4	Chord	3/4	1	1	1/16		1/16	1	238									
14	14	161/4	161/4	0.25	5/16	5/16	Chord	3/4	1	1	1/16		1/16	1	239									
14	14	81/2	81/2	0.25	3/8	3/8	Chord	3/4	1	1	1/16		1/16	1	240									
14	14	163/4	163/4	0.25	7/16	7/16	Chord	3/4	1	1	1/16		1/16	1	241									
14	14	41	41	0.25	1/2	1/2	Chord	3/4	1	1	1/16		1/16	1	242									
14	14	165/4	165/4	0.25	9/16	9/16	Chord	3/4	1	1	1/16		1/16	1	243									
14	14	83/2	83/2	0.25	5/8	5/8	Chord	3/4	1	1	1/16		1/16	1	244									
14	14	167/4	167/4	0.25	11/16	11/16	Chord	3/4	1	1	1/16		1/16	1	245									
14	14	39	39	1.0	0	0	Chord	3/4	1	2	1/4		1/4	1	246									
14	14	40	40	0.25	1/4	1/4	Chord	3/4	1	2	1/16		1/16	1	247									
14	14	161/4	161/4	0.25	5/16	5/16	Chord	3/4	1	2	1/16		1/16	1	248									
14	14	81/2	81/2	0.25	3/8	3/8	Chord	3/4	1	2	1/16		1/16	1	249									
14	14	163/4	163/4	0.25	7/16	7/16	Chord	3/4	1	2	1/16		1/16	1	250									
14	14	41	41	0.25	1/2	1/2	Chord	3/4	1	2	1/16		1/16	1	251									
14	14	165/4	165/4	0.25	9/16	9/16	Chord	3/4	1	2	1/16		1/16	1	252									
14	14	83/2	83/2	0.25	5/8	5/8	Chord	3/4	1	2	1/16		1/16	1	253									
14	14	167/4	167/4	0.25	11/16	11/16	Chord	3/4	1	2	1/16		1/16	1	254									
14	14	39	39	2.0	0	0	Chord	3/4	2	1	1/2		1/2	1	255									
14	14	41	41	0.25	1/2	1/2	Chord	3/4	2	1	1/16		1/16	1	256									
14	14	165/4	165/4	0.25	9/16	9/16	Chord	3/4	2	1	1/16		1/16	1	257									
14	14	83/2	83/2	0.25	5/8	5/8	Chord	3/4	2	1	1/16		1/16	1	258									
14	14	167/4	167/4	0.25	11/16	11/16	Chord	3/4	2	1	1/16		1/16	1	259									
15	15	42	42	1.0	0	0	Chord	3/4	1	1	1/4		1/4	1	260									
15	15	43	43	1.0	1/4	1/4	Chord	3/4	1	1	1/4		1/4	1	261	ornamentTrill								
15	15	44	44	1.0	1/2	1/2	Chord	3/4	1	1	1/4		1/4	1	262									
15	15	42	42	0.25	0	0	Chord	3/4	1	2	1/16		1/16	1	263									
15	15	169/4	169/4	0.25	1/16	1/16	Chord	3/4	1	2	1/16		1/16	1	264									
15	15	85/2	85/2	0.25	1/8	1/8	Chord	3/4	1	2	1/16		1/16	1	265									
15	15	171/4	171/4	0.25	3/16	3/16	Chord	3/4	1	2	1/16		1/16	1	266									
15	15	43	43	1.0	1/4	1/4	Chord	3/4	1	2	1/4		1/4	1	267									
15	15	44	44	0.25	1/2	1/2	Chord	3/4	1	2	1/16		1/16	1	268									
15	15	177/4	177/4	0.25	9/16	9/16	Chord	3/4	1	2	1/16		1/16	1	269									
15	15	89/2	89/2	0.25	5/8	5/8	Chord	3/4	1	2	1/16		1/16	1	270									
15	15	179/4	179/4	0.25	11/16	11/16	Chord	3/4	1	2	1/16		1/16	1	271									
15	15	42	42	1.0	0	0	Chord	3/4	2	1	1/4		1/4	1	272									
15	15	173/4	173/4	0.25	5/16	5/16	Chord	3/4	2	1	1/16		1/16	1	273									
15	15	87/2	87/2	0.25	3/8	3/8	Chord	3/4	2	1	1/16		1/16	1	274									
15	15	175/4	175/4	0.25	7/16	7/16	Chord	3/4	2	1	1/16		1/16	1	275									
15	15	44	44	0.5	1/2	1/2	Chord	3/4	2	1	1/8		1/8	1	276									
15	15	89/2	89/2	0.5	5/8	5/8	Chord	3/4	2	1	1/8		1/8	1	277									
15	15	44	44	0.5	1/2	1/2	Chord	3/4	2	2	1/8		1/8	1	278									
15	15	89/2	89/2	0.5	5/8	5/8	Chord	3/4	2	2	1/8		1/8	1	279									
16	16	45	45	0.25	0	0	Chord	3/4	1	1	1/16		1/16	1	280									
16	16	181/4	181/4	0.25	1/16	1/16	Chord	3/4	1	1	1/16		1/16	1	281									
16	16	91/2	91/2	0.0	1/8	1/8	Chord	3/4	1	1	0	grace16	1/16	1	282									
16	16	91/2	91/2	0.25	1/8	1/8	Chord	3/4	1	1	1/16		1/16	1	283									
16	16	183/4	183/4	0.0	3/16	3/16	Chord	3/4	1	1	0	grace16	1/16	1	284									
16	16	183/4	183/4	0.25	3/16	3/16	Chord	3/4	1	1	1/16		1/16	1	285									
16	16	46	46	1.0	1/4	1/4	Chord	3/4	1	1	1/4		1/4	1	286									
16	16	47	47	1.0	1/2	1/2	Chord	3/4	1	1	1/4		1/4	1	287									
16	16	45	45	0.5	0	0	Chord	3/4	2	1	1/8		1/8	1	288									
16	16	91/2	91/2	0.5	1/8	1/8	Chord	3/4	2	1	1/8		1/8	1	289									
16	16	46	46	0.5	1/4	1/4	Chord	3/4	2	1	1/8		1/8	1	290									
16	16	93/2	93/2	0.5	3/8	3/8	Chord	3/4	2	1	1/8		1/8	1	291									
16	16	47	47	0.5	1/2	1/2	Chord	3/4	2	1	1/8		1/8	1	292									
16	16	95/2	95/2	0.5	5/8	5/8	Chord	3/4	2	1	1/8		1/8	1	293									
16	16	45	45	0.75	0	0	Chord	3/4	2	2	3/16		1/8	3/2	294									
16	16	183/4	183/4	0.25	3/16	3/16	Chord	3/4	2	2	1/16		1/16	1	295									
16	16	46	46	0.5	1/4	1/4	Chord	3/4	2	2	1/8		1/8	1	296									
16	16	93/2	93/2	0.5	3/8	3/8	Chord	3/4	2	2	1/8		1/8	1	297									
16	16	47	47	0.5	1/2	1/2	Chord	3/4	2	2	1/8		1/8	1	298									
16	16	95/2	95/2	0.5	5/8	5/8	Chord	3/4	2	2	1/8		1/8	1	299									
17	17	48	48	1.0	0	0	Chord	3/4	1	1	1/4		1/4	1	300									
17	17	99/2	99/2	0.5	3/8	3/8	Chord	3/4	1	1	1/8		1/8	1	301									
17	17	50	50	0.5	1/2	1/2	Chord	3/4	1	1	1/8		1/8	1	302									
17	17	101/2	101/2	0.5	5/8	5/8	Chord	3/4	1	1	1/8		1/8	1	303									
17	17	193/4	193/4	0.25	1/16	1/16	Chord	3/4	2	1	1/16		1/16	1	304									
17	17	97/2	97/2	0.25	1/8	1/8	Chord	3/4	2	1	1/16		1/16	1	305									
17	17	195/4	195/4	0.25	3/16	3/16	Chord	3/4	2	1	1/16		1/16	1	306									
17	17	49	49	0.25	1/4	1/4	Chord	3/4	2	1	1/16		1/16	1	307									
17	17	197/4	197/4	0.25	5/16	5/16	Chord	3/4	2	1	1/16		1/16	1	308									
17	17	99/2	99/2	0.25	3/8	3/8	Chord	3/4	2	1	1/16		1/16	1	309									
17	17	199/4	199/4	0.25	7/16	7/16	Chord	3/4	2	1	1/16		1/16	1	310									
17	17	50	50	0.25	1/2	1/2	Chord	3/4	2	1	1/16		1/16	1	311									
17	17	201/4	201/4	0.25	9/16	9/16	Chord	3/4	2	1	1/16		1/16	1	312									
17	17	101/2	101/2	0.25	5/8	5/8	Chord	3/4	2	1	1/16		1/16	1	313									
17	17	203/4	203/4	0.25	11/16	11/16	Chord	3/4	2	1	1/16		1/16	1	314									
17	17	48	48	1.0	0	0	Chord	3/4	2	2	1/4		1/4	1	315									
18	18	51	51	0.75	0	0	Chord	3/4	1	1	3/16		1/8	3/2	316									
18	18	207/4	207/4	0.25	3/16	3/16	Chord	3/4	1	1	1/16		1/16	1	317									
18	18	52	52	0.5	1/4	1/4	Chord	3/4	1	1	1/8		1/8	1	318									
18	18	105/2	105/2	0.5	3/8	3/8	Chord	3/4	1	1	1/8		1/8	1	319									
18	18	53	53	0.5	1/2	1/2	Chord	3/4	1	1	1/8		1/8	1	320									
18	18	107/2	107/2	0.5	5/8	5/8	Chord	3/4	1	1	1/8		1/8	1	321									
18	18	51	51	0.25	0	0	Chord	3/4	2	1	1/16		1/16	1	322									
18	18	205/4	205/4	0.25	1/16	1/16	Chord	3/4	2	1	1/16		1/16	1	323									
18	18	103/2	103/2	0.25	1/8	1/8	Chord	3/4	2	1	1/16		1/16	1	324									
18	18	207/4	207/4	0.25	3/16	3/16	Chord	3/4	2	1	1/16		1/16	1	325									
18	18	52	52	0.25	1/4	1/4	Chord	3/4	2	1	1/16		1/16	1	326									
18	18	209/4	209/4	0.25	5/16	5/16	Chord	3/4	2	1	1/16		1/16	1	327									
18	18	105/2	105/2	0.25	3/8	3/8	Chord	3/4	2	1	1/16		1/16	1	328									
18	18	211/4	211/4	0.25	7/16	7/16	Chord	3/4	2	1	1/16		1/16	1	329									
18	18	53	53	0.25	1/2	1/2	Chord	3/4	2	1	1/16		1/16	1	330									
18	18	213/4	213/4	0.25	9/16	9/16	Chord	3/4	2	1	1/16		1/16	1	331									
18	18	107/2	107/2	0.25	5/8	5/8	Chord	3/4	2	1	1/16		1/16	1	332									
18	18	215/4	215/4	0.25	11/16	11/16	Chord	3/4	2	1	1/16		1/16	1	333									
19	19	54	54	0.75	0	0	Chord	3/4	1	1	3/16		1/8	3/2	334									
19	19	219/4	219/4	0.25	3/16	3/16	Chord	3/4	1	1	1/16		1/16	1	335									
19	19	55	55	0.5	1/4	1/4	Chord	3/4	1	1	1/8		1/8	1	336									
19	19	111/2	111/2	0.5	3/8	3/8	Chord	3/4	1	1	1/8		1/8	1	337									
19	19	56	56	0.5	1/2	1/2	Chord	3/4	1	1	1/8		1/8	1	338									
19	19	113/2	113/2	0.5	5/8	5/8	Chord	3/4	1	1	1/8		1/8	1	339									
19	19	111/2	111/2	0.5	3/8	3/8	Chord	3/4	1	2	1/8		1/8	1	340									
19	19	56	56	0.5	1/2	1/2	Chord	3/4	1	2	1/8		1/8	1	341									
19	19	113/2	113/2	0.5	5/8	5/8	Chord	3/4	1	2	1/8		1/8	1	342									
19	19	54	54	0.25	0	0	Chord	3/4	2	1	1/16		1/16	1	343									
19	19	217/4	217/4	0.25	1/16	1/16	Chord	3/4	2	1	1/16		1/16	1	344									
19	19	109/2	109/2	0.25	1/8	1/8	Chord	3/4	2	1	1/16		1/16	1	345									
19	19	219/4	219/4	0.25	3/16	3/16	Chord	3/4	2	1	1/16		1/16	1	346									
19	19	55	55	0.25	1/4	1/4	Chord	3/4	2	1	1/16		1/16	1	347									
19	19	221/4	221/4	0.25	5/16	5/16	Chord	3/4	2	1	1/16		1/16	1	348									
19	19	111/2	111/2	0.25	3/8	3/8	Chord	3/4	2	1	1/16		1/16	1	349									
19	19	223/4	223/4	0.25	7/16	7/16	Chord	3/4	2	1	1/16		1/16	1	350									
19	19	56	56	0.25	1/2	1/2	Chord	3/4	2	1	1/16		1/16	1	351									
19	19	225/4	225/4	0.25	9/16	9/16	Chord	3/4	2	1	1/16		1/16	1	352									
19	19	113/2	113/2	0.25	5/8	5/8	Chord	3/4	2	1	1/16		1/16	1	353									
19	19	227/4	227/4	0.25	11/16	11/16	Chord	3/4	2	1	1/16		1/16	1	354									
20	20	57	57	0.25	0	0	Chord	3/4	1	1	1/16		1/16	1	355									
20	20	229/4	229/4	0.25	1/16	1/16	Chord	3/4	1	1	1/16		1/16	1	356									
20	20	115/2	115/2	0.25	1/8	1/8	Chord	3/4	1	1	1/16		1/16	1	357									
20	20	231/4	231/4	0.25	3/16	3/16	Chord	3/4	1	1	1/16		1/16	1	358									
20	20	58	58	0.25	1/4	1/4	Chord	3/4	1	1	1/16		1/16	1	359									
20	20	233/4	233/4	0.25	5/16	5/16	Chord	3/4	1	1	1/16		1/16	1	360									
20	20	117/2	117/2	0.25	3/8	3/8	Chord	3/4	1	1	1/16		1/16	1	361									
20	20	235/4	235/4	0.25	7/16	7/16	Chord	3/4	1	1	1/16		1/16	1	362									
20	20	59	59	0.25	1/2	1/2	Chord	3/4	1	1	1/16		1/16	1	363									
20	20	237/4	237/4	0.25	9/16	9/16	Chord	3/4	1	1	1/16		1/16	1	364									
20	20	119/2	119/2	0.25	5/8	5/8	Chord	3/4	1	1	1/16		1/16	1	365									
20	20	239/4	239/4	0.25	11/16	11/16	Chord	3/4	1	1	1/16		1/16	1	366									
20	20	57	57	0.25	0	0	Chord	3/4	1	2	1/16		1/16	1	367									
20	20	229/4	229/4	0.25	1/16	1/16	Chord	3/4	1	2	1/16		1/16	1	368									
20	20	115/2	115/2	0.25	1/8	1/8	Chord	3/4	1	2	1/16		1/16	1	369									
20	20	231/4	231/4	0.25	3/16	3/16	Chord	3/4	1	2	1/16		1/16	1	370									
20	20	58	58	0.25	1/4	1/4	Chord	3/4	1	2	1/16		1/16	1	371									
20	20	233/4	233/4	0.25	5/16	5/16	Chord	3/4	1	2	1/16		1/16	1	372									
20	20	117/2	117/2	0.25	3/8	3/8	Chord	3/4	1	2	1/16		1/16	1	373									
20	20	235/4	235/4	0.25	7/16	7/16	Chord	3/4	1	2	1/16		1/16	1	374									
20	20	59	59	0.25	1/2	1/2	Chord	3/4	1	2	1/16		1/16	1	375									
20	20	237/4	237/4	0.25	9/16	9/16	Chord	3/4	1	2	1/16		1/16	1	376									
20	20	119/2	119/2	0.25	5/8	5/8	Chord	3/4	1	2	1/16		1/16	1	377									
20	20	239/4	239/4	0.25	11/16	11/16	Chord	3/4	1	2	1/16		1/16	1	378									
20	20	57	57	1.0	0	0	Chord	3/4	2	1	1/4		1/4	1	379									
20	20	58	58	1.0	1/4	1/4	Chord	3/4	2	1	1/4		1/4	1	380									
20	20	59	59	1.0	1/2	1/2	Chord	3/4	2	1	1/4		1/4	1	381									
20	20	58	58	1.0	1/4	1/4	Chord	3/4	2	2	1/4		1/4	1	382									
20	20	59	59	1.0	1/2	1/2	Chord	3/4	2	2	1/4		1/4	1	383									
21	21	60	60	1.0	0	0	Chord	3/4	1	1	1/4		1/4	1	384									
21	21	123/2	123/2	0.5	3/8	3/8	Chord	3/4	1	1	1/8		1/8	1	385									
21	21	62	62	0.5	1/2	1/2	Chord	3/4	1	1	1/8		1/8	1	386									
21	21	125/2	125/2	0.5	5/8	5/8	Chord	3/4	1	1	1/8		1/8	1	387									
21	21	241/4	241/4	0.25	1/16	1/16	Chord	3/4	2	1	1/16		1/16	1	388									
21	21	121/2	121/2	0.25	1/8	1/8	Chord	3/4	2	1	1/16		1/16	1	389									
21	21	243/4	243/4	0.25	3/16	3/16	Chord	3/4	2	1	1/16		1/16	1	390									
21	21	61	61	0.25	1/4	1/4	Chord	3/4	2	1	1/16		1/16	1	391									
21	21	245/4	245/4	0.25	5/16	5/16	Chord	3/4	2	1	1/16		1/16	1	392									
21	21	123/2	123/2	0.25	3/8	3/8	Chord	3/4	2	1	1/16		1/16	1	393									
21	21	247/4	247/4	0.25	7/16	7/16	Chord	3/4	2	1	1/16		1/16	1	394									
21	21	62	62	0.25	1/2	1/2	Chord	3/4	2	1	1/16		1/16	1	395									
21	21	249/4	249/4	0.25	9/16	9/16	Chord	3/4	2	1	1/16		1/16	1	396									
21	21	125/2	125/2	0.25	5/8	5/8	Chord	3/4	2	1	1/16		1/16	1	397									
21	21	251/4	251/4	0.25	11/16	11/16	Chord	3/4	2	1	1/16		1/16	1	398									
21	21	60	60	1.0	0	0	Chord	3/4	2	2	1/4		1/4	1	399									
22	22	63	63	0.75	0	0	Chord	3/4	1	1	3/16		1/8	3/2	400									
22	22	255/4	255/4	0.25	3/16	3/16	Chord	3/4	1	1	1/16		1/16	1	401									
22	22	64	64	0.5	1/4	1/4	Chord	3/4	1	1	1/8		1/8	1	402									
22	22	129/2	129/2	0.5	3/8	3/8	Chord	3/4	1	1	1/8		1/8	1	403									
22	22	65	65	0.5	1/2	1/2	Chord	3/4	1	1	1/8		1/8	1	404									
22	22	131/2	131/2	0.5	5/8	5/8	Chord	3/4	1	1	1/8		1/8	1	405									
22	22	63	63	0.25	0	0	Chord	3/4	2	1	1/16		1/16	1	406									
22	22	253/4	253/4	0.25	1/16	1/16	Chord	3/4	2	1	1/16		1/16	1	407									
22	22	127/2	127/2	0.25	1/8	1/8	Chord	3/4	2	1	1/16		1/16	1	408									
22	22	255/4	255/4	0.25	3/16	3/16	Chord	3/4	2	1	1/16		1/16	1	409									
22	22	64	64	0.25	1/4	1/4	Chord	3/4	2	1	1/16		1/16	1	410									
22	22	257/4	257/4	0.25	5/16	5/16	Chord	3/4	2	1	1/16		1/16	1	411									
22	22	129/2	129/2	0.25	3/8	3/8	Chord	3/4	2	1	1/16		1/16	1	412									
22	22	259/4	259/4	0.25	7/16	7/16	Chord	3/4	2	1	1/16		1/16	1	413									
22	22	65	65	0.25	1/2	1/2	Chord	3/4	2	1	1/16		1/16	1	414									
22	22	261/4	261/4	0.25	9/16	9/16	Chord	3/4	2	1	1/16		1/16	1	415									
22	22	131/2	131/2	0.25	5/8	5/8	Chord	3/4	2	1	1/16		1/16	1	416									
22	22	263/4	263/4	0.25	11/16	11/16	Chord	3/4	2	1	1/16		1/16	1	417									
23	23	66	66	0.75	0	0	Chord	3/4	1	1	3/16		1/8	3/2	418									
23	23	267/4	267/4	0.25	3/16	3/16	Chord	3/4	1	1	1/16		1/16	1	419									
23	23	67	67	0.5	1/4	1/4	Chord	3/4	1	1	1/8		1/8	1	420									
23	23	135/2	135/2	0.5	3/8	3/8	Chord	3/4	1	1	1/8		1/8	1	421									
23	23	68	68	0.5	1/2	1/2	Chord	3/4	1	1	1/8		1/8	1	422									
23	23	137/2	137/2	0.5	5/8	5/8	Chord	3/4	1	1	1/8		1/8	1	423									
23	23	135/2	135/2	0.5	3/8	3/8	Chord	3/4	1	2	1/8		1/8	1	424									
23	23	68	68	0.5	1/2	1/2	Chord	3/4	1	2	1/8		1/8	1	425									
23	23	137/2	137/2	0.5	5/8	5/8	Chord	3/4	1	2	1/8		1/8	1	426									
23	23	66	66	0.25	0	0	Chord	3/4	2	1	1/16		1/16	1	427									
23	23	265/4	265/4	0.25	1/16	1/16	Chord	3/4	2	1	1/16		1/16	1	428									
23	23	133/2	133/2	0.25	1/8	1/8	Chord	3/4	2	1	1/16		1/16	1	429									
23	23	267/4	267/4	0.25	3/16	3/16	Chord	3/4	2	1	1/16		1/16	1	430									
23	23	67	67	0.25	1/4	1/4	Chord	3/4	2	1	1/16		1/16	1	431									
23	23	269/4	269/4	0.25	5/16	5/16	Chord	3/4	2	1	1/16		1/16	1	432									
23	23	135/2	135/2	0.25	3/8	3/8	Chord	3/4	2	1	1/16		1/16	1	433									
23	23	271/4	271/4	0.25	7/16	7/16	Chord	3/4	2	1	1/16		1/16	1	434									
23	23	68	68	0.25	1/2	1/2	Chord	3/4	2	1	1/16		1/16	1	435									
23	23	273/4	273/4	0.25	9/16	9/16	Chord	3/4	2	1	1/16		1/16	1	436									
23	23	137/2	137/2	0.25	5/8	5/8	Chord	3/4	2	1	1/16		1/16	1	437									
23	23	275/4	275/4	0.25	11/16	11/16	Chord	3/4	2	1	1/16		1/16	1	438									
24	24	69	69	0.25	0	0	Chord	3/4	1	1	1/16		1/16	1	439									
24	24	277/4	277/4	0.25	1/16	1/16	Chord	3/4	1	1	1/16		1/16	1	440									
24	24	139/2	139/2	0.25	1/8	1/8	Chord	3/4	1	1	1/16		1/16	1	441									
24	24	279/4	279/4	0.25	3/16	3/16	Chord	3/4	1	1	1/16		1/16	1	442									
24	24	70	70	0.25	1/4	1/4	Chord	3/4	1	1	1/16		1/16	1	443									
24	24	281/4	281/4	0.25	5/16	5/16	Chord	3/4	1	1	1/16		1/16	1	444									
24	24	141/2	141/2	0.25	3/8	3/8	Chord	3/4	1	1	1/16		1/16	1	445									
24	24	283/4	283/4	0.25	7/16	7/16	Chord	3/4	1	1	1/16		1/16	1	446									
24	24	71	71	0.25	1/2	1/2	Chord	3/4	1	1	1/16		1/16	1	447									
24	24	285/4	285/4	0.25	9/16	9/16	Chord	3/4	1	1	1/16		1/16	1	448									
24	24	143/2	143/2	0.25	5/8	5/8	Chord	3/4	1	1	1/16		1/16	1	449									
24	24	287/4	287/4	0.25	11/16	11/16	Chord	3/4	1	1	1/16		1/16	1	450									
24	24	69	69	0.25	0	0	Chord	3/4	1	2	1/16		1/16	1	451									
24	24	277/4	277/4	0.25	1/16	1/16	Chord	3/4	1	2	1/16		1/16	1	452									
24	24	139/2	139/2	0.25	1/8	1/8	Chord	3/4	1	2	1/16		1/16	1	453									
24	24	279/4	279/4	0.25	3/16	3/16	Chord	3/4	1	2	1/16		1/16	1	454									
24	24	70	70	0.25	1/4	1/4	Chord	3/4	1	2	1/16		1/16	1	455									
24	24	281/4	281/4	0.25	5/16	5/16	Chord	3/4	1	2	1/16		1/16	1	456									
24	24	141/2	141/2	0.25	3/8	3/8	Chord	3/4	1	2	1/16		1/16	1	457									
24	24	283/4	283/4	0.25	7/16	7/16	Chord	3/4	1	2	1/16		1/16	1	458									
24	24	71	71	0.25	1/2	1/2	Chord	3/4	1	2	1/16		1/16	1	459									
24	24	285/4	285/4	0.25	9/16	9/16	Chord	3/4	1	2	1/16		1/16	1	460									
24	24	143/2	143/2	0.25	5/8	5/8	Chord	3/4	1	2	1/16		1/16	1	461									
24	24	287/4	287/4	0.25	11/16	11/16	Chord	3/4	1	2	1/16		1/16	1	462									
24	24	69	69	1.0	0	0	Chord	3/4	2	1	1/4		1/4	1	463									
24	24	70	70	1.0	1/4	1/4	Chord	3/4	2	1	1/4		1/4	1	464									
24	24	71	71	1.0	1/2	1/2	Chord	3/4	2	1	1/4		1/4	1	465									
24	24	70	70	1.0	1/4	1/4	Chord	3/4	2	2	1/4		1/4	1	466									
24	24	71	71	1.0	1/2	1/2	Chord	3/4	2	2	1/4		1/4	1	467									
25	25	72	72	1.0	0	0	Chord	3/4	1	1	1/4		1/4	1	468									
25	25	73	73	0.25	1/4	1/4	Chord	3/4	1	1	1/16		1/16	1	469									
25	25	293/4	293/4	0.25	5/16	5/16	Chord	3/4	1	1	1/16		1/16	1	470									
25	25	147/2	147/2	0.25	3/8	3/8	Chord	3/4	1	1	1/16		1/16	1	471									
25	25	295/4	295/4	0.25	7/16	7/16	Chord	3/4	1	1	1/16		1/16	1	472									
25	25	74	74	0.25	1/2	1/2	Chord	3/4	1	1	1/16		1/16	1	473									
25	25	297/4	297/4	0.25	9/16	9/16	Chord	3/4	1	1	1/16		1/16	1	474									
25	25	149/2	149/2	0.25	5/8	5/8	Chord	3/4	1	1	1/16		1/16	1	475									
25	25	299/4	299/4	0.25	11/16	11/16	Chord	3/4	1	1	1/16		1/16	1	476									
25	25	72	72	0.25	0	0	Chord	3/4	1	2	1/16		1/16	1	477									
25	25	289/4	289/4	0.25	1/16	1/16	Chord	3/4	1	2	1/16		1/16	1	478									
25	25	145/2	145/2	0.25	1/8	1/8	Chord	3/4	1	2	1/16		1/16	1	479									
25	25	291/4	291/4	0.25	3/16	3/16	Chord	3/4	1	2	1/16		1/16	1	480									
25	25	73	73	1.0	1/4	1/4	Chord	3/4	1	2	1/4		1/4	1	481									
25	25	74	74	1.0	1/2	1/2	Chord	3/4	1	2	1/4		1/4	1	482									
25	25	72	72	2.0	0	0	Chord	3/4	2	1	1/2		1/2	1	483									
25	25	74	74	1.0	1/2	1/2	Chord	3/4	2	1	1/4		1/4	1	484									
25	25	73	73	1.0	1/4	1/4	Chord	3/4	2	2	1/4		1/4	1	485									
25	25	74	74	1.0	1/2	1/2	Chord	3/4	2	2	1/4		1/4	1	486									
26	26	75	75	1.0	0	0	Chord	3/4	1	1	1/4		1/4	1	487								0	
26	26	76	76	0.25	1/4	1/4	Chord	3/4	1	1	1/16		1/16	1	488									
26	26	305/4	305/4	0.25	5/16	5/16	Chord	3/4	1	1	1/16		1/16	1	489									
26	26	153/2	153/2	0.25	3/8	3/8	Chord	3/4	1	1	1/16		1/16	1	490									
26	26	307/4	307/4	0.25	7/16	7/16	Chord	3/4	1	1	1/16		1/16	1	491									
26	26	77	77	0.25	1/2	1/2	Chord	3/4	1	1	1/16		1/16	1	492									
26	26	309/4	309/4	0.25	9/16	9/16	Chord	3/4	1	1	1/16		1/16	1	493									
26	26	155/2	155/2	0.25	5/8	5/8	Chord	3/4	1	1	1/16		1/16	1	494									
26	26	311/4	311/4	0.25	11/16	11/16	Chord	3/4	1	1	1/16		1/16	1	495									
26	26	76	76	1.0	1/4	1/4	Chord	3/4	1	2	1/4		1/4	1	496									
26	26	77	77	0.5	1/2	1/2	Chord	3/4	1	2	1/8		1/8	1	497									
26	26	155/2	155/2	0.5	5/8	5/8	Chord	3/4	1	2	1/8		1/8	1	498									
26	26	301/4	301/4	0.25	1/16	1/16	Chord	3/4	2	1	1/16		1/16	1	499									
26	26	151/2	151/2	0.25	1/8	1/8	Chord	3/4	2	1	1/16		1/16	1	500									
26	26	303/4	303/4	0.25	3/16	3/16	Chord	3/4	2	1	1/16		1/16	1	501									
26	26	76	76	1.0	1/4	1/4	Chord	3/4	2	1	1/4		1/4	1	502									
26	26	77	77	1.0	1/2	1/2	Chord	3/4	2	1	1/4		1/4	1	503									
26	26	76	76	1.0	1/4	1/4	Chord	3/4	2	2	1/4		1/4	1	504									
26	26	77	77	1.0	1/2	1/2	Chord	3/4	2	2	1/4		1/4	1	505									
27	27	78	78	0.25	0	0	Chord	3/4	1	1	1/16		1/16	1	506									
27	27	313/4	313/4	0.25	1/16	1/16	Chord	3/4	1	1	1/16		1/16	1	507									
27	27	157/2	157/2	0.25	1/8	1/8	Chord	3/4	1	1	1/16		1/16	1	508									
27	27	315/4	315/4	0.25	3/16	3/16	Chord	3/4	1	1	1/16		1/16	1	509									
27	27	79	79	1.5	1/4	1/4	Chord	3/4	1	1	3/8		1/4	3/2	510									
27	27	161/2	161/2	0.5	5/8	5/8	Chord	3/4	1	1	1/8		1/8	1	511									
27	27	317/4	317/4	0.25	5/16	5/16	Chord	3/4	1	2	1/16		1/16	1	512									
27	27	159/2	159/2	0.25	3/8	3/8	Chord	3/4	1	2	1/16		1/16	1	513									
27	27	319/4	319/4	0.25	7/16	7/16	Chord	3/4	1	2	1/16		1/16	1	514									
27	27	80	80	0.25	1/2	1/2	Chord	3/4	1	2	1/16		1/16	1	515									
27	27	321/4	321/4	0.25	9/16	9/16	Chord	3/4	1	2	1/16		1/16	1	516									
27	27	161/2	161/2	0.25	5/8	5/8	Chord	3/4	1	2	1/16		1/16	1	517									
27	27	323/4	323/4	0.25	11/16	11/16	Chord	3/4	1	2	1/16		1/16	1	518									
27	27	78	78	1.0	0	0	Chord	3/4	2	1	1/4		1/4	1	519									
27	27	317/4	317/4	0.25	5/16	5/16	Chord	3/4	2	1	1/16		1/16	1	520									
27	27	159/2	159/2	0.25	3/8	3/8	Chord	3/4	2	1	1/16		1/16	1	521									
27	27	319/4	319/4	0.25	7/16	7/16	Chord	3/4	2	1	1/16		1/16	1	522									
27	27	80	80	0.25	1/2	1/2	Chord	3/4	2	1	1/16		1/16	1	523									
27	27	321/4	321/4	0.25	9/16	9/16	Chord	3/4	2	1	1/16		1/16	1	524									
27	27	161/2	161/2	0.25	5/8	5/8	Chord	3/4	2	1	1/16		1/16	1	525									
27	27	323/4	323/4	0.25	11/16	11/16	Chord	3/4	2	1	1/16		1/16	1	526									
28	28	81	81	0.25	0	0	Chord	3/4	1	1	1/16		1/16	1	527									
28	28	325/4	325/4	0.25	1/16	1/16	Chord	3/4	1	1	1/16		1/16	1	528									
28	28	163/2	163/2	0.25	1/8	1/8	Chord	3/4	1	1	1/16		1/16	1	529									
28	28	327/4	327/4	0.25	3/16	3/16	Chord	3/4	1	1	1/16		1/16	1	530									
28	28	82	82	1.0	1/4	1/4	Chord	3/4	1	1	1/4		1/4	1	531									
28	28	83	83	1.0	1/2	1/2	Chord	3/4	1	1	1/4		1/4	1	532	ornamentTrill								
28	28	81	81	0.75	0	0	Chord	3/4	1	2	3/16		1/8	3/2	533									
28	28	327/4	327/4	0.25	3/16	3/16	Chord	3/4	1	2	1/16		1/16	1	534									
28	28	82	82	1.0	1/4	1/4	Chord	3/4	1	2	1/4		1/4	1	535									
28	28	83	83	1.0	1/2	1/2	Chord	3/4	1	2	1/4		1/4	1	536									
28	28	81	81	0.5	0	0	Chord	3/4	2	1	1/8		1/8	1	537									
28	28	163/2	163/2	0.5	1/8	1/8	Chord	3/4	2	1	1/8		1/8	1	538									
28	28	82	82	0.5	1/4	1/4	Chord	3/4	2	1	1/8		1/8	1	539									
28	28	165/2	165/2	0.5	3/8	3/8	Chord	3/4	2	1	1/8		1/8	1	540									
28	28	83	83	0.5	1/2	1/2	Chord	3/4	2	1	1/8		1/8	1	541									
28	28	167/2	167/2	0.5	5/8	5/8	Chord	3/4	2	1	1/8		1/8	1	542									
28	28	165/2	165/2	0.5	3/8	3/8	Chord	3/4	2	2	1/8		1/8	1	543									
28	28	83	83	0.5	1/2	1/2	Chord	3/4	2	2	1/8		1/8	1	544									
28	28	167/2	167/2	0.5	5/8	5/8	Chord	3/4	2	2	1/8		1/8	1	545									
29	29	84	84	1.0	0	0	Chord	3/4	1	1	1/4		1/4	1	546									
29	29	84	84	0.25	0	0	Chord	3/4	2	1	1/16		1/16	1	547									
29	29	337/4	337/4	0.25	1/16	1/16	Chord	3/4	2	1	1/16		1/16	1	548									
29	29	169/2	169/2	0.25	1/8	1/8	Chord	3/4	2	1	1/16		1/16	1	549									
29	29	339/4	339/4	0.25	3/16	3/16	Chord	3/4	2	1	1/16		1/16	1	550									
29	29	85	85	0.25	1/4	1/4	Chord	3/4	2	1	1/16		1/16	1	551									
29	29	341/4	341/4	0.25	5/16	5/16	Chord	3/4	2	1	1/16		1/16	1	552									
29	29	171/2	171/2	0.25	3/8	3/8	Chord	3/4	2	1	1/16		1/16	1	553									
29	29	343/4	343/4	0.25	7/16	7/16	Chord	3/4	2	1	1/16		1/16	1	554									
29	29	86	86	0.25	1/2	1/2	Chord	3/4	2	1	1/16		1/16	1	555									
29	29	345/4	345/4	0.25	9/16	9/16	Chord	3/4	2	1	1/16		1/16	1	556									
29	29	173/2	173/2	0.25	5/8	5/8	Chord	3/4	2	1	1/16		1/16	1	557									
29	29	347/4	347/4	0.25	11/16	11/16	Chord	3/4	2	1	1/16		1/16	1	558									
29	29	84	84	1.0	0	0	Chord	3/4	2	2	1/4		1/4	1	559									
30	30	87	87	0.75	0	0	Chord	3/4	1	1	3/16		1/8	3/2	560									
30	30	351/4	351/4	0.25	3/16	3/16	Chord	3/4	1	1	1/16		1/16	1	561									
30	30	88	88	1.0	1/4	1/4	Chord	3/4	1	1	1/4		1/4	1	562									
30	30	89	89	0.5	1/2	1/2	Chord	3/4	1	1	1/8		1/8	1	563									
30	30	179/2	179/2	0.16666666666666666	5/8	5/8	Chord	3/4	1	1	1/24		1/16	2/3	564									
30	30	269/3	269/3	0.16666666666666666	2/3	2/3	Chord	3/4	1	1	1/24		1/16	2/3	565									
30	30	539/6	539/6	0.16666666666666666	17/24	17/24	Chord	3/4	1	1	1/24		1/16	2/3	566									
30	30	87	87	1.0	0	0	Chord	3/4	1	2	1/4		1/4	1	567									
30	30	87	87	0.25	0	0	Chord	3/4	2	1	1/16		1/16	1	568									
30	30	349/4	349/4	0.25	1/16	1/16	Chord	3/4	2	1	1/16		1/16	1	569									
30	30	175/2	175/2	0.25	1/8	1/8	Chord	3/4	2	1	1/16		1/16	1	570									
30	30	351/4	351/4	0.25	3/16	3/16	Chord	3/4	2	1	1/16		1/16	1	571									
30	30	88	88	0.25	1/4	1/4	Chord	3/4	2	1	1/16		1/16	1	572									
30	30	353/4	353/4	0.25	5/16	5/16	Chord	3/4	2	1	1/16		1/16	1	573									
30	30	177/2	177/2	0.25	3/8	3/8	Chord	3/4	2	1	1/16		1/16	1	574									
30	30	355/4	355/4	0.25	7/16	7/16	Chord	3/4	2	1	1/16		1/16	1	575									
30	30	89	89	0.25	1/2	1/2	Chord	3/4	2	1	1/16		1/16	1	576									
30	30	357/4	357/4	0.25	9/16	9/16	Chord	3/4	2	1	1/16		1/16	1	577									
30	30	179/2	179/2	0.25	5/8	5/8	Chord	3/4	2	1	1/16		1/16	1	578									
30	30	359/4	359/4	0.25	11/16	11/16	Chord	3/4	2	1	1/16		1/16	1	579									
31	31	90	90	0.0	0	0	Chord	3/4	1	1	0	appoggiatura	1/8	1	580									
31	31	90	90	1.0	0	0	Chord	3/4	1	1	1/4		1/4	1	581	ornamentTrill								
31	31	91	91	1.0	1/4	1/4	Chord	3/4	1	1	1/4		1/4	1	582									
31	31	185/2	185/2	0.5	5/8	5/8	Chord	3/4	1	1	1/8		1/8	1	583									
31	31	90	90	0.0	0	0	Chord	3/4	1	2	0	appoggiatura	1/8	1	584									
31	31	90	90	1.0	0	0	Chord	3/4	1	2	1/4		1/4	1	585									
31	31	91	91	1.0	1/4	1/4	Chord	3/4	1	2	1/4		1/4	1	586									
31	31	90	90	0.25	0	0	Chord	3/4	2	1	1/16		1/16	1	587									
31	31	361/4	361/4	0.25	1/16	1/16	Chord	3/4	2	1	1/16		1/16	1	588									
31	31	181/2	181/2	0.25	1/8	1/8	Chord	3/4	2	1	1/16		1/16	1	589									
31	31	363/4	363/4	0.25	3/16	3/16	Chord	3/4	2	1	1/16		1/16	1	590									
31	31	91	91	0.25	1/4	1/4	Chord	3/4	2	1	1/16		1/16	1	591									
31	31	365/4	365/4	0.25	5/16	5/16	Chord	3/4	2	1	1/16		1/16	1	592									
31	31	183/2	183/2	0.25	3/8	3/8	Chord	3/4	2	1	1/16		1/16	1	593									
31	31	367/4	367/4	0.25	7/16	7/16	Chord	3/4	2	1	1/16		1/16	1	594									
31	31	92	92	0.25	1/2	1/2	Chord	3/4	2	1	1/16		1/16	1	595									
31	31	369/4	369/4	0.25	9/16	9/16	Chord	3/4	2	1	1/16		1/16	1	596									
31	31	185/2	185/2	0.25	5/8	5/8	Chord	3/4	2	1	1/16		1/16	1	597									
31	31	371/4	371/4	0.25	11/16	11/16	Chord	3/4	2	1	1/16		1/16	1	598									
32	32	93	93	0.25	0	0	Chord	3/4	1	1	1/16		1/16	1	599									
32	32	373/4	373/4	0.25	1/16	1/16	Chord	3/4	1	1	1/16		1/16	1	600									
32	32	187/2	187/2	0.5	1/8	1/8	Chord	3/4	1	1	1/8		1/8	1	601									
32	32	94	94	0.25	1/4	1/4	Chord	3/4	1	1	1/16		1/16	1	602									
32	32	377/4	377/4	0.25	5/16	5/16	Chord	3/4	1	1	1/16		1/16	1	603									
32	32	189/2	189/2	0.25	3/8	3/8	Chord	3/4	1	1	1/16		1/16	1	604									
32	32	379/4	379/4	0.25	7/16	7/16	Chord	3/4	1	1	1/16		1/16	1	605									
32	32	95	95	0.25	1/2	1/2	Chord	3/4	1	1	1/16		1/16	1	606									
32	32	381/4	381/4	0.25	9/16	9/16	Chord	3/4	1	1	1/16		1/16	1	607									
32	32	191/2	191/2	0.25	5/8	5/8	Chord	3/4	1	1	1/16		1/16	1	608									
32	32	383/4	383/4	0.25	11/16	11/16	Chord	3/4	1	1	1/16		1/16	1	609									
32	32	187/2	187/2	0.5	1/8	1/8	Chord	3/4	1	2	1/8		1/8	1	610									
32	32	94	94	0.5	1/4	1/4	Chord	3/4	1	2	1/8		1/8	1	611									
32	32	189/2	189/2	0.5	3/8	3/8	Chord	3/4	1	2	1/8		1/8	1	612									
32	32	95	95	0.5	1/2	1/2	Chord	3/4	1	2	1/8		1/8	1	613									
32	32	191/2	191/2	0.5	5/8	5/8	Chord	3/4	1	2	1/8		1/8	1	614									
32	32	93	93	0.25	0	0	Chord	3/4	2	1	1/16		1/16	1	615									
32	32	373/4	373/4	0.25	1/16	1/16	Chord	3/4	2	1	1/16		1/16	1	616									
32	32	187/2	187/2	0.25	1/8	1/8	Chord	3/4	2	1	1/16		1/16	1	617									
32	32	375/4	375/4	0.25	3/16	3/16	Chord	3/4	2	1	1/16		1/16	1	618									
32	32	94	94	0.25	1/4	1/4	Chord	3/4	2	1	1/16		1/16	1	619									
32	32	377/4	377/4	0.25	5/16	5/16	Chord	3/4	2	1	1/16		1/16	1	620									
32	32	189/2	189/2	0.25	3/8	3/8	Chord	3/4	2	1	1/16		1/16	1	621									
32	32	379/4	379/4	0.25	7/16	7/16	Chord	3/4	2	1	1/16		1/16	1	622									
32	32	95	95	0.25	1/2	1/2	Chord	3/4	2	1	1/16		1/16	1	623									
32	32	381/4	381/4	0.25	9/16	9/16	Chord	3/4	2	1	1/16		1/16	1	624									
32	32	191/2	191/2	0.25	5/8	5/8	Chord	3/4	2	1	1/16		1/16	1	625									
32	32	383/4	383/4	0.25	11/16	11/16	Chord	3/4	2	1	1/16		1/16	1	626									
33	33	96	96	0.0	0	0	Chord	3/4	1	1	0	appoggiatura	1/8	1	627									
33	33	96	96	1.0	0	0	Chord	3/4	1	1	1/4		1/4	1	628	ornamentTrill								
33	33	97	97	1.0	1/4	1/4	Chord	3/4	1	1	1/4		1/4	1	629									
33	33	393/4	393/4	0.25	9/16	9/16	Chord	3/4	1	1	1/16		1/16	1	630									
33	33	197/2	197/2	0.25	5/8	5/8	Chord	3/4	1	1	1/16		1/16	1	631	ornamentTrill								
33	33	395/4	395/4	0.25	11/16	11/16	Chord	3/4	1	1	1/16		1/16	1	632									
33	33	96	96	1.0	0	0	Chord	3/4	1	2	1/4		1/4	1	633									
33	33	97	97	1.0	1/4	1/4	Chord	3/4	1	2	1/4		1/4	1	634									
33	33	96	96	0.25	0	0	Chord	3/4	2	1	1/16		1/16	1	635									
33	33	385/4	385/4	0.25	1/16	1/16	Chord	3/4	2	1	1/16		1/16	1	636									
33	33	193/2	193/2	0.25	1/8	1/8	Chord	3/4	2	1	1/16		1/16	1	637									
33	33	387/4	387/4	0.25	3/16	3/16	Chord	3/4	2	1	1/16		1/16	1	638									
33	33	97	97	0.25	1/4	1/4	Chord	3/4	2	1	1/16		1/16	1	639									
33	33	389/4	389/4	0.25	5/16	5/16	Chord	3/4	2	1	1/16		1/16	1	640									
33	33	195/2	195/2	0.25	3/8	3/8	Chord	3/4	2	1	1/16		1/16	1	641									
33	33	391/4	391/4	0.25	7/16	7/16	Chord	3/4	2	1	1/16		1/16	1	642									
33	33	98	98	0.5	1/2	1/2	Chord	3/4	2	1	1/8		1/8	1	643									
34	34	99	99	1.0	0	0	Chord	3/4	1	1	1/4		1/4	1	644									
34	34	100	100	0.25	1/4	1/4	Chord	3/4	1	1	1/16		1/16	1	645									
34	34	401/4	401/4	0.25	5/16	5/16	Chord	3/4	1	1	1/16		1/16	1	646									
34	34	201/2	201/2	0.25	3/8	3/8	Chord	3/4	1	1	1/16		1/16	1	647									
34	34	403/4	403/4	0.25	7/16	7/16	Chord	3/4	1	1	1/16		1/16	1	648									
34	34	101	101	0.25	1/2	1/2	Chord	3/4	1	1	1/16		1/16	1	649	ornamentTrill								
34	34	405/4	405/4	0.25	9/16	9/16	Chord	3/4	1	1	1/16		1/16	1	650									
34	34	203/2	203/2	0.25	5/8	5/8	Chord	3/4	1	1	1/16		1/16	1	651	ornamentTrill								
34	34	407/4	407/4	0.25	11/16	11/16	Chord	3/4	1	1	1/16		1/16	1	652									
34	34	397/4	397/4	0.25	1/16	1/16	Chord	3/4	2	1	1/16		1/16	1	653									
34	34	199/2	199/2	0.25	1/8	1/8	Chord	3/4	2	1	1/16		1/16	1	654									
34	34	399/4	399/4	0.25	3/16	3/16	Chord	3/4	2	1	1/16		1/16	1	655									
34	34	100	100	0.5	1/4	1/4	Chord	3/4	2	1	1/8		1/8	1	656									
34	34	201/2	201/2	0.5	3/8	3/8	Chord	3/4	2	1	1/8		1/8	1	657									
34	34	101	101	0.5	1/2	1/2	Chord	3/4	2	1	1/8		1/8	1	658									
34	34	203/2	203/2	0.5	5/8	5/8	Chord	3/4	2	1	1/8		1/8	1	659									
35	35	102	102	0.25	0	0	Chord	3/4	1	1	1/16		1/16	1	660									
35	35	409/4	409/4	0.25	1/16	1/16	Chord	3/4	1	1	1/16		1/16	1	661									
35	35	205/2	205/2	0.25	1/8	1/8	Chord	3/4	1	1	1/16		1/16	1	662									
35	35	411/4	411/4	0.25	3/16	3/16	Chord	3/4	1	1	1/16		1/16	1	663									
35	35	103	103	1.0	1/4	1/4	Chord	3/4	1	1	1/4		1/4	1	664									
35	35	102	102	1.0	0	0	Chord	3/4	2	1	1/4		1/4	1	665									
35	35	413/4	413/4	0.25	5/16	5/16	Chord	3/4	2	1	1/16		1/16	1	666									
35	35	207/2	207/2	0.25	3/8	3/8	Chord	3/4	2	1	1/16		1/16	1	667									
35	35	415/4	415/4	0.25	7/16	7/16	Chord	3/4	2	1	1/16		1/16	1	668									
35	35	104	104	0.25	1/2	1/2	Chord	3/4	2	1	1/16		1/16	1	669									
35	35	417/4	417/4	0.25	9/16	9/16	Chord	3/4	2	1	1/16		1/16	1	670									
35	35	209/2	209/2	0.25	5/8	5/8	Chord	3/4	2	1	1/16		1/16	1	671									
35	35	419/4	419/4	0.25	11/16	11/16	Chord	3/4	2	1	1/16		1/16	1	672									
36	36	105	105	0.25	0	0	Chord	3/4	1	1	1/16		1/16	1	673									
36	36	421/4	421/4	0.25	1/16	1/16	Chord	3/4	1	1	1/16		1/16	1	674									
36	36	211/2	211/2	0.25	1/8	1/8	Chord	3/4	1	1	1/16		1/16	1	675									
36	36	423/4	423/4	0.25	3/16	3/16	Chord	3/4	1	1	1/16		1/16	1	676									
36	36	106	106	0.25	1/4	1/4	Chord	3/4	1	1	1/16		1/16	1	677									
36	36	425/4	425/4	0.25	5/16	5/16	Chord	3/4	1	1	1/16		1/16	1	678									
36	36	213/2	213/2	0.25	3/8	3/8	Chord	3/4	1	1	1/16		1/16	1	679									
36	36	427/4	427/4	0.25	7/16	7/16	Chord	3/4	1	1	1/16		1/16	1	680									
36	36	107	107	0.25	1/2	1/2	Chord	3/4	1	1	1/16		1/16	1	681									
36	36	429/4	429/4	0.25	9/16	9/16	Chord	3/4	1	1	1/16		1/16	1	682									
36	36	215/2	215/2	0.25	5/8	5/8	Chord	3/4	1	1	1/16		1/16	1	683									
36	36	431/4	431/4	0.25	11/16	11/16	Chord	3/4	1	1	1/16		1/16	1	684									
36	36	105	105	0.5	0	0	Chord	3/4	1	2	1/8		1/8	1	685									
36	36	211/2	211/2	0.5	1/8	1/8	Chord	3/4	1	2	1/8		1/8	1	686									
36	36	106	106	0.5	1/4	1/4	Chord	3/4	1	2	1/8		1/8	1	687									
36	36	213/2	213/2	0.5	3/8	3/8	Chord	3/4	1	2	1/8		1/8	1	688									
36	36	107	107	0.5	1/2	1/2	Chord	3/4	1	2	1/8		1/8	1	689									
36	36	215/2	215/2	0.5	5/8	5/8	Chord	3/4	1	2	1/8		1/8	1	690									
36	36	105	105	3.0	0	0	Chord	3/4	2	1	3/4		1/2	3/2	691									
36	36	105	105	0.5	0	0	Chord	3/4	2	2	1/8		1/8	1	692									
36	36	211/2	211/2	0.5	1/8	1/8	Chord	3/4	2	2	1/8		1/8	1	693									
36	36	106	106	0.5	1/4	1/4	Chord	3/4	2	2	1/8		1/8	1	694									
36	36	213/2	213/2	0.5	3/8	3/8	Chord	3/4	2	2	1/8		1/8	1	695									
36	36	107	107	0.5	1/2	1/2	Chord	3/4	2	2	1/8		1/8	1	696									
36	36	215/2	215/2	0.5	5/8	5/8	Chord	3/4	2	2	1/8		1/8	1	697									
37	37	108	108	0.25	0	0	Chord	3/4	1	1	1/16		1/16	1	698									
37	37	433/4	433/4	0.25	1/16	1/16	Chord	3/4	1	1	1/16		1/16	1	699									
37	37	217/2	217/2	0.25	1/8	1/8	Chord	3/4	1	1	1/16		1/16	1	700									
37	37	435/4	435/4	0.25	3/16	3/16	Chord	3/4	1	1	1/16		1/16	1	701									
37	37	109	109	0.25	1/4	1/4	Chord	3/4	1	1	1/16		1/16	1	702									
37	37	437/4	437/4	0.25	5/16	5/16	Chord	3/4	1	1	1/16		1/16	1	703									
37	37	219/2	219/2	0.25	3/8	3/8	Chord	3/4	1	1	1/16		1/16	1	704									
37	37	439/4	439/4	0.25	7/16	7/16	Chord	3/4	1	1	1/16		1/16	1	705									
37	37	110	110	0.25	1/2	1/2	Chord	3/4	1	1	1/16		1/16	1	706									
37	37	441/4	441/4	0.25	9/16	9/16	Chord	3/4	1	1	1/16		1/16	1	707									
37	37	221/2	221/2	0.25	5/8	5/8	Chord	3/4	1	1	1/16		1/16	1	708									
37	37	443/4	443/4	0.25	11/16	11/16	Chord	3/4	1	1	1/16		1/16	1	709									
37	37	108	108	0.5	0	0	Chord	3/4	1	2	1/8		1/8	1	710									
37	37	217/2	217/2	0.5	1/8	1/8	Chord	3/4	1	2	1/8		1/8	1	711									
37	37	109	109	0.5	1/4	1/4	Chord	3/4	1	2	1/8		1/8	1	712									
37	37	219/2	219/2	0.5	3/8	3/8	Chord	3/4	1	2	1/8		1/8	1	713									
37	37	110	110	1.0	1/2	1/2	Chord	3/4	1	2	1/4		1/4	1	714									
37	37	108	108	0.5	0	0	Chord	3/4	2	1	1/8		1/8	1	715									
37	37	217/2	217/2	0.5	1/8	1/8	Chord	3/4	2	1	1/8		1/8	1	716									
37	37	109	109	0.5	1/4	1/4	Chord	3/4	2	1	1/8		1/8	1	717									
37	37	219/2	219/2	0.5	3/8	3/8	Chord	3/4	2	1	1/8		1/8	1	718									
37	37	110	110	0.5	1/2	1/2	Chord	3/4	2	1	1/8		1/8	1	719									
37	37	221/2	221/2	0.5	5/8	5/8	Chord	3/4	2	1	1/8		1/8	1	720									
37	37	108	108	0.5	0	0	Chord	3/4	2	2	1/8		1/8	1	721									
37	37	217/2	217/2	0.5	1/8	1/8	Chord	3/4	2	2	1/8		1/8	1	722									
37	37	109	109	0.5	1/4	1/4	Chord	3/4	2	2	1/8		1/8	1	723									
37	37	219/2	219/2	0.5	3/8	3/8	Chord	3/4	2	2	1/8		1/8	1	724									
37	37	110	110	0.5	1/2	1/2	Chord	3/4	2	2	1/8		1/8	1	725									
37	37	221/2	221/2	0.5	5/8	5/8	Chord	3/4	2	2	1/8		1/8	1	726									
38	38	111	111	0.25	0	0	Chord	3/4	1	1	1/16		1/16	1	727									
38	38	445/4	445/4	0.25	1/16	1/16	Chord	3/4	1	1	1/16		1/16	1	728									
38	38	223/2	223/2	0.25	1/8	1/8	Chord	3/4	1	1	1/16		1/16	1	729									
38	38	447/4	447/4	0.25	3/16	3/16	Chord	3/4	1	1	1/16		1/16	1	730									
38	38	112	112	1.0	1/4	1/4	Chord	3/4	1	1	1/4		1/4	1	731									
38	38	113	113	1.0	1/2	1/2	Chord	3/4	1	1	1/4		1/4	1	732	ornamentTrill								
38	38	111	111	0.25	0	0	Chord	3/4	1	2	1/16		1/16	1	733									
38	38	445/4	445/4	0.25	1/16	1/16	Chord	3/4	1	2	1/16		1/16	1	734									
38	38	223/2	223/2	0.25	1/8	1/8	Chord	3/4	1	2	1/16		1/16	1	735									
38	38	447/4	447/4	0.25	3/16	3/16	Chord	3/4	1	2	1/16		1/16	1	736									
38	38	112	112	1.0	1/4	1/4	Chord	3/4	1	2	1/4		1/4	1	737									
38	38	113	113	1.0	1/2	1/2	Chord	3/4	1	2	1/4		1/4	1	738									
38	38	111	111	0.5	0	0	Chord	3/4	2	1	1/8		1/8	1	739									
38	38	223/2	223/2	0.5	1/8	1/8	Chord	3/4	2	1	1/8		1/8	1	740									
38	38	112	112	1.0	1/4	1/4	Chord	3/4	2	1	1/4		1/4	1	741									
38	38	113	113	1.0	1/2	1/2	Chord	3/4	2	1	1/4		1/4	1	742									
38	38	111	111	0.5	0	0	Chord	3/4	2	2	1/8		1/8	1	743									
38	38	223/2	223/2	0.5	1/8	1/8	Chord	3/4	2	2	1/8		1/8	1	744									
38	38	449/4	449/4	0.25	5/16	5/16	Chord	3/4	2	2	1/16		1/16	1	745									
38	38	225/2	225/2	0.25	3/8	3/8	Chord	3/4	2	2	1/16		1/16	1	746									
38	38	451/4	451/4	0.25	7/16	7/16	Chord	3/4	2	2	1/16		1/16	1	747									
38	38	453/4	453/4	0.25	9/16	9/16	Chord	3/4	2	2	1/16		1/16	1	748									
38	38	227/2	227/2	0.25	5/8	5/8	Chord	3/4	2	2	1/16		1/16	1	749									
38	38	455/4	455/4	0.25	11/16	11/16	Chord	3/4	2	2	1/16		1/16	1	750									
39	39	114	114	1.0	0	0	Chord	3/4	1	1	1/4		1/4	1	751									
39	39	233/2	233/2	0.5	5/8	5/8	Chord	3/4	1	1	1/8		1/8	1	752									
39	39	114	114	1.0	0	0	Chord	3/4	1	2	1/4		1/4	1	753									
39	39	457/4	457/4	0.25	1/16	1/16	Chord	3/4	2	1	1/16		1/16	1	754									
39	39	229/2	229/2	0.25	1/8	1/8	Chord	3/4	2	1	1/16		1/16	1	755									
39	39	459/4	459/4	0.25	3/16	3/16	Chord	3/4	2	1	1/16		1/16	1	756									
39	39	115	115	0.25	1/4	1/4	Chord	3/4	2	1	1/16		1/16	1	757									
39	39	461/4	461/4	0.25	5/16	5/16	Chord	3/4	2	1	1/16		1/16	1	758									
39	39	231/2	231/2	0.25	3/8	3/8	Chord	3/4	2	1	1/16		1/16	1	759									
39	39	463/4	463/4	0.25	7/16	7/16	Chord	3/4	2	1	1/16		1/16	1	760									
39	39	116	116	0.25	1/2	1/2	Chord	3/4	2	1	1/16		1/16	1	761									
39	39	465/4	465/4	0.25	9/16	9/16	Chord	3/4	2	1	1/16		1/16	1	762									
39	39	233/2	233/2	0.25	5/8	5/8	Chord	3/4	2	1	1/16		1/16	1	763									
39	39	467/4	467/4	0.25	11/16	11/16	Chord	3/4	2	1	1/16		1/16	1	764									
40	40	117	117	0.5	0	0	Chord	3/4	1	1	1/8		1/8	1	765									
40	40	235/2	235/2	0.5	1/8	1/8	Chord	3/4	1	1	1/8		1/8	1	766									
40	40	237/2	237/2	0.5	3/8	3/8	Chord	3/4	1	1	1/8		1/8	1	767									
40	40	119	119	0.5	1/2	1/2	Chord	3/4	1	1	1/8		1/8	1	768									
40	40	239/2	239/2	0.5	5/8	5/8	Chord	3/4	1	1	1/8		1/8	1	769									
40	40	117	117	1.0	0	0	Chord	3/4	1	2	1/4		1/4	1	770									
40	40	469/4	469/4	0.25	1/16	1/16	Chord	3/4	2	1	1/16		1/16	1	771									
40	40	235/2	235/2	0.25	1/8	1/8	Chord	3/4	2	1	1/16		1/16	1	772									
40	40	471/4	471/4	0.25	3/16	3/16	Chord	3/4	2	1	1/16		1/16	1	773									
40	40	118	118	0.25	1/4	1/4	Chord	3/4	2	1	1/16		1/16	1	774									
40	40	473/4	473/4	0.25	5/16	5/16	Chord	3/4	2	1	1/16		1/16	1	775									
40	40	237/2	237/2	0.25	3/8	3/8	Chord	3/4	2	1	1/16		1/16	1	776									
40	40	475/4	475/4	0.25	7/16	7/16	Chord	3/4	2	1	1/16		1/16	1	777									
40	40	119	119	0.25	1/2	1/2	Chord	3/4	2	1	1/16		1/16	1	778									
40	40	477/4	477/4	0.25	9/16	9/16	Chord	3/4	2	1	1/16		1/16	1	779									
40	40	239/2	239/2	0.25	5/8	5/8	Chord	3/4	2	1	1/16		1/16	1	780									
40	40	479/4	479/4	0.25	11/16	11/16	Chord	3/4	2	1	1/16		1/16	1	781									
41	41	120	120	0.0	0	0	Chord	3/4	1	1	0	appoggiatura	1/8	1	782									
41	41	120	120	1.0	0	0	Chord	3/4	1	1	1/4		1/4	1	783	ornamentTrill								
41	41	121	121	1.0	1/4	1/4	Chord	3/4	1	1	1/4		1/4	1	784									
41	41	245/2	245/2	0.5	5/8	5/8	Chord	3/4	1	1	1/8		1/8	1	785									
41	41	481/4	481/4	0.25	1/16	1/16	Chord	3/4	2	1	1/16		1/16	1	786									
41	41	241/2	241/2	0.25	1/8	1/8	Chord	3/4	2	1	1/16		1/16	1	787									
41	41	483/4	483/4	0.25	3/16	3/16	Chord	3/4	2	1	1/16		1/16	1	788									
41	41	121	121	0.25	1/4	1/4	Chord	3/4	2	1	1/16		1/16	1	789									
41	41	485/4	485/4	0.25	5/16	5/16	Chord	3/4	2	1	1/16		1/16	1	790									
41	41	243/2	243/2	0.25	3/8	3/8	Chord	3/4	2	1	1/16		1/16	1	791									
41	41	487/4	487/4	0.25	7/16	7/16	Chord	3/4	2	1	1/16		1/16	1	792									
41	41	122	122	0.25	1/2	1/2	Chord	3/4	2	1	1/16		1/16	1	793									
41	41	489/4	489/4	0.25	9/16	9/16	Chord	3/4	2	1	1/16		1/16	1	794									
41	41	245/2	245/2	0.25	5/8	5/8	Chord	3/4	2	1	1/16		1/16	1	795									
41	41	491/4	491/4	0.25	11/16	11/16	Chord	3/4	2	1	1/16		1/16	1	796									
42	42	123	123	1.0	0	0	Chord	3/4	1	1	1/4		1/4	1	797									
42	42	124	124	0.25	1/4	1/4	Chord	3/4	1	1	1/16		1/16	1	798									
42	42	497/4	497/4	0.25	5/16	5/16	Chord	3/4	1	1	1/16		1/16	1	799									
42	42	249/2	249/2	0.25	3/8	3/8	Chord	3/4	1	1	1/16		1/16	1	800									
42	42	499/4	499/4	0.25	7/16	7/16	Chord	3/4	1	1	1/16		1/16	1	801									
42	42	125	125	0.25	1/2	1/2	Chord	3/4	1	1	1/16		1/16	1	802									
42	42	501/4	501/4	0.25	9/16	9/16	Chord	3/4	1	1	1/16		1/16	1	803									
42	42	251/2	251/2	0.25	5/8	5/8	Chord	3/4	1	1	1/16		1/16	1	804	ornamentTrill								
42	42	503/4	503/4	0.25	11/16	11/16	Chord	3/4	1	1	1/16		1/16	1	805									
42	42	123	123	0.25	0	0	Chord	3/4	1	2	1/16		1/16	1	806									
42	42	493/4	493/4	0.25	1/16	1/16	Chord	3/4	1	2	1/16		1/16	1	807									
42	42	247/2	247/2	0.25	1/8	1/8	Chord	3/4	1	2	1/16		1/16	1	808									
42	42	495/4	495/4	0.25	3/16	3/16	Chord	3/4	1	2	1/16		1/16	1	809									
42	42	124	124	0.5	1/4	1/4	Chord	3/4	1	2	1/8		1/8	1	810									
42	42	249/2	249/2	0.5	3/8	3/8	Chord	3/4	1	2	1/8		1/8	1	811									
42	42	125	125	0.5	1/2	1/2	Chord	3/4	1	2	1/8		1/8	1	812									
42	42	251/2	251/2	0.5	5/8	5/8	Chord	3/4	1	2	1/8		1/8	1	813									
42	42	123	123	0.25	0	0	Chord	3/4	2	1	1/16		1/16	1	814									
42	42	493/4	493/4	0.25	1/16	1/16	Chord	3/4	2	1	1/16		1/16	1	815									
42	42	247/2	247/2	0.25	1/8	1/8	Chord	3/4	2	1	1/16		1/16	1	816									
42	42	495/4	495/4	0.25	3/16	3/16	Chord	3/4	2	1	1/16		1/16	1	817									
42	42	124	124	0.5	1/4	1/4	Chord	3/4	2	1	1/8		1/8	1	818									
42	42	249/2	249/2	0.5	3/8	3/8	Chord	3/4	2	1	1/8		1/8	1	819									
42	42	125	125	0.5	1/2	1/2	Chord	3/4	2	1	1/8		1/8	1	820									
42	42	251/2	251/2	0.5	5/8	5/8	Chord	3/4	2	1	1/8		1/8	1	821									
43	43	126	126	1.0	0	0	Chord	3/4	1	1	1/4		1/4	1	822									
43	43	255/2	255/2	0.25	3/8	3/8	Chord	3/4	1	1	1/16		1/16	1	823									
43	43	511/4	511/4	0.25	7/16	7/16	Chord	3/4	1	1	1/16		1/16	1	824									
43	43	128	128	0.25	1/2	1/2	Chord	3/4	1	1	1/16		1/16	1	825									
43	43	513/4	513/4	0.25	9/16	9/16	Chord	3/4	1	1	1/16		1/16	1	826									
43	43	257/2	257/2	0.25	5/8	5/8	Chord	3/4	1	1	1/16		1/16	1	827									
43	43	515/4	515/4	0.25	11/16	11/16	Chord	3/4	1	1	1/16		1/16	1	828									
43	43	255/2	255/2	0.5	3/8	3/8	Chord	3/4	1	2	1/8		1/8	1	829									
43	43	128	128	0.5	1/2	1/2	Chord	3/4	1	2	1/8		1/8	1	830									
43	43	257/2	257/2	0.5	5/8	5/8	Chord	3/4	1	2	1/8		1/8	1	831									
43	43	126	126	0.25	0	0	Chord	3/4	2	1	1/16		1/16	1	832									
43	43	505/4	505/4	0.25	1/16	1/16	Chord	3/4	2	1	1/16		1/16	1	833									
43	43	253/2	253/2	0.25	1/8	1/8	Chord	3/4	2	1	1/16		1/16	1	834									
43	43	507/4	507/4	0.25	3/16	3/16	Chord	3/4	2	1	1/16		1/16	1	835									
43	43	127	127	0.5	1/4	1/4	Chord	3/4	2	1	1/8		1/8	1	836									
43	43	255/2	255/2	0.5	3/8	3/8	Chord	3/4	2	1	1/8		1/8	1	837									
43	43	128	128	0.5	1/2	1/2	Chord	3/4	2	1	1/8		1/8	1	838									
43	43	257/2	257/2	0.5	5/8	5/8	Chord	3/4	2	1	1/8		1/8	1	839									
44	44	129	129	1.0	0	0	Chord	3/4	1	1	1/4		1/4	1	840									
44	44	261/2	261/2	0.25	3/8	3/8	Chord	3/4	1	1	1/16		1/16	1	841									
44	44	523/4	523/4	0.25	7/16	7/16	Chord	3/4	1	1	1/16		1/16	1	842									
44	44	131	131	0.25	1/2	1/2	Chord	3/4	1	1	1/16		1/16	1	843									
44	44	525/4	525/4	0.25	9/16	9/16	Chord	3/4	1	1	1/16		1/16	1	844									
44	44	263/2	263/2	0.25	5/8	5/8	Chord	3/4	1	1	1/16		1/16	1	845									
44	44	527/4	527/4	0.25	11/16	11/16	Chord	3/4	1	1	1/16		1/16	1	846									
44	44	261/2	261/2	0.5	3/8	3/8	Chord	3/4	1	2	1/8		1/8	1	847									
44	44	131	131	0.5	1/2	1/2	Chord	3/4	1	2	1/8		1/8	1	848									
44	44	263/2	263/2	0.25	5/8	5/8	Chord	3/4	1	2	1/16		1/16	1	849									
44	44	527/4	527/4	0.25	11/16	11/16	Chord	3/4	1	2	1/16		1/16	1	850									
44	44	129	129	0.25	0	0	Chord	3/4	2	1	1/16		1/16	1	851									
44	44	517/4	517/4	0.25	1/16	1/16	Chord	3/4	2	1	1/16		1/16	1	852									
44	44	259/2	259/2	0.25	1/8	1/8	Chord	3/4	2	1	1/16		1/16	1	853									
44	44	519/4	519/4	0.25	3/16	3/16	Chord	3/4	2	1	1/16		1/16	1	854									
44	44	130	130	0.5	1/4	1/4	Chord	3/4	2	1	1/8		1/8	1	855									
44	44	261/2	261/2	0.5	3/8	3/8	Chord	3/4	2	1	1/8		1/8	1	856									
44	44	131	131	0.5	1/2	1/2	Chord	3/4	2	1	1/8		1/8	1	857									
44	44	263/2	263/2	0.5	5/8	5/8	Chord	3/4	2	1	1/8		1/8	1	858									
45	45	132	132	1.0	0	0	Chord	3/4	1	1	1/4		1/4	1	859									
45	45	267/2	267/2	0.25	3/8	3/8	Chord	3/4	1	1	1/16		1/16	1	860									
45	45	535/4	535/4	0.25	7/16	7/16	Chord	3/4	1	1	1/16		1/16	1	861									
45	45	134	134	0.25	1/2	1/2	Chord	3/4	1	1	1/16		1/16	1	862									
45	45	537/4	537/4	0.25	9/16	9/16	Chord	3/4	1	1	1/16		1/16	1	863									
45	45	269/2	269/2	0.25	5/8	5/8	Chord	3/4	1	1	1/16		1/16	1	864									
45	45	539/4	539/4	0.25	11/16	11/16	Chord	3/4	1	1	1/16		1/16	1	865									
45	45	132	132	1.0	0	0	Chord	3/4	1	2	1/4		1/4	1	866									
45	45	267/2	267/2	0.5	3/8	3/8	Chord	3/4	1	2	1/8		1/8	1	867									
45	45	134	134	0.5	1/2	1/2	Chord	3/4	1	2	1/8		1/8	1	868									
45	45	269/2	269/2	0.5	5/8	5/8	Chord	3/4	1	2	1/8		1/8	1	869									
45	45	132	132	0.25	0	0	Chord	3/4	2	1	1/16		1/16	1	870									
45	45	529/4	529/4	0.25	1/16	1/16	Chord	3/4	2	1	1/16		1/16	1	871									
45	45	265/2	265/2	0.25	1/8	1/8	Chord	3/4	2	1	1/16		1/16	1	872									
45	45	531/4	531/4	0.25	3/16	3/16	Chord	3/4	2	1	1/16		1/16	1	873									
45	45	133	133	0.5	1/4	1/4	Chord	3/4	2	1	1/8		1/8	1	874									
45	45	267/2	267/2	0.5	3/8	3/8	Chord	3/4	2	1	1/8		1/8	1	875									
45	45	134	134	0.5	1/2	1/2	Chord	3/4	2	1	1/8		1/8	1	876									
45	45	269/2	269/2	0.5	5/8	5/8	Chord	3/4	2	1	1/8		1/8	1	877									
46	46	135	135	1.0	0	0	Chord	3/4	1	1	1/4		1/4	1	878									
46	46	545/4	545/4	0.25	5/16	5/16	Chord	3/4	1	1	1/16		1/16	1	879									
46	46	273/2	273/2	0.25	3/8	3/8	Chord	3/4	1	1	1/16		1/16	1	880									
46	46	547/4	547/4	0.25	7/16	7/16	Chord	3/4	1	1	1/16		1/16	1	881									
46	46	137	137	0.25	1/2	1/2	Chord	3/4	1	1	1/16		1/16	1	882									
46	46	549/4	549/4	0.25	9/16	9/16	Chord	3/4	1	1	1/16		1/16	1	883									
46	46	275/2	275/2	0.25	5/8	5/8	Chord	3/4	1	1	1/16		1/16	1	884									
46	46	551/4	551/4	0.25	11/16	11/16	Chord	3/4	1	1	1/16		1/16	1	885									
46	46	135	135	0.25	0	0	Chord	3/4	2	1	1/16		1/16	1	886									
46	46	541/4	541/4	0.25	1/16	1/16	Chord	3/4	2	1	1/16		1/16	1	887									
46	46	271/2	271/2	0.25	1/8	1/8	Chord	3/4	2	1	1/16		1/16	1	888									
46	46	543/4	543/4	0.25	3/16	3/16	Chord	3/4	2	1	1/16		1/16	1	889									
46	46	136	136	0.25	1/4	1/4	Chord	3/4	2	1	1/16		1/16	1	890									
46	46	545/4	545/4	0.25	5/16	5/16	Chord	3/4	2	1	1/16		1/16	1	891									
46	46	273/2	273/2	0.25	3/8	3/8	Chord	3/4	2	1	1/16		1/16	1	892									
46	46	547/4	547/4	0.25	7/16	7/16	Chord	3/4	2	1	1/16		1/16	1	893									
46	46	137	137	0.25	1/2	1/2	Chord	3/4	2	1	1/16		1/16	1	894									
46	46	549/4	549/4	0.25	9/16	9/16	Chord	3/4	2	1	1/16		1/16	1	895									
46	46	275/2	275/2	0.25	5/8	5/8	Chord	3/4	2	1	1/16		1/16	1	896									
46	46	551/4	551/4	0.25	11/16	11/16	Chord	3/4	2	1	1/16		1/16	1	897									
47	47	138	138	0.25	0	0	Chord	3/4	1	1	1/16		1/16	1	898									
47	47	553/4	553/4	0.25	1/16	1/16	Chord	3/4	1	1	1/16		1/16	1	899									
47	47	277/2	277/2	0.25	1/8	1/8	Chord	3/4	1	1	1/16		1/16	1	900									
47	47	555/4	555/4	0.25	3/16	3/16	Chord	3/4	1	1	1/16		1/16	1	901									
47	47	139	139	1.0	1/4	1/4	Chord	3/4	1	1	1/4		1/4	1	902									
47	47	138	138	1.0	0	0	Chord	3/4	2	1	1/4		1/4	1	903									
47	47	139	139	0.25	1/4	1/4	Chord	3/4	2	1	1/16		1/16	1	904									
47	47	557/4	557/4	0.25	5/16	5/16	Chord	3/4	2	1	1/16		1/16	1	905									
47	47	279/2	279/2	0.25	3/8	3/8	Chord	3/4	2	1	1/16		1/16	1	906									
47	47	559/4	559/4	0.25	7/16	7/16	Chord	3/4	2	1	1/16		1/16	1	907									
47	47	140	140	0.25	1/2	1/2	Chord	3/4	2	1	1/16		1/16	1	908									
47	47	561/4	561/4	0.25	9/16	9/16	Chord	3/4	2	1	1/16		1/16	1	909									
47	47	281/2	281/2	0.25	5/8	5/8	Chord	3/4	2	1	1/16		1/16	1	910									
47	47	563/4	563/4	0.25	11/16	11/16	Chord	3/4	2	1	1/16		1/16	1	911									
48	48	141	141	1.0	0	0	Chord	3/4	1	1	1/4		1/4	1	912									
48	48	285/2	285/2	0.5	3/8	3/8	Chord	3/4	1	1	1/8		1/8	1	913									
48	48	143	143	0.5	1/2	1/2	Chord	3/4	1	1	1/8		1/8	1	914									
48	48	287/2	287/2	0.5	5/8	5/8	Chord	3/4	1	1	1/8		1/8	1	915									
48	48	565/4	565/4	0.25	1/16	1/16	Chord	3/4	2	1	1/16		1/16	1	916									
48	48	283/2	283/2	0.25	1/8	1/8	Chord	3/4	2	1	1/16		1/16	1	917									
48	48	567/4	567/4	0.25	3/16	3/16	Chord	3/4	2	1	1/16		1/16	1	918									
48	48	142	142	0.25	1/4	1/4	Chord	3/4	2	1	1/16		1/16	1	919									
48	48	569/4	569/4	0.25	5/16	5/16	Chord	3/4	2	1	1/16		1/16	1	920									
48	48	285/2	285/2	0.25	3/8	3/8	Chord	3/4	2	1	1/16		1/16	1	921									
48	48	571/4	571/4	0.25	7/16	7/16	Chord	3/4	2	1	1/16		1/16	1	922									
48	48	143	143	0.25	1/2	1/2	Chord	3/4	2	1	1/16		1/16	1	923									
48	48	573/4	573/4	0.25	9/16	9/16	Chord	3/4	2	1	1/16		1/16	1	924									
48	48	287/2	287/2	0.25	5/8	5/8	Chord	3/4	2	1	1/16		1/16	1	925									
48	48	575/4	575/4	0.25	11/16	11/16	Chord	3/4	2	1	1/16		1/16	1	926									
48	48	141	141	1.0	0	0	Chord	3/4	2	2	1/4		1/4	1	927									
49	49	144	144	0.75	0	0	Chord	3/4	1	1	3/16		1/8	3/2	928									
49	49	579/4	579/4	0.25	3/16	3/16	Chord	3/4	1	1	1/16		1/16	1	929									
49	49	145	145	0.5	1/4	1/4	Chord	3/4	1	1	1/8		1/8	1	930									
49	49	291/2	291/2	0.5	3/8	3/8	Chord	3/4	1	1	1/8		1/8	1	931									
49	49	146	146	0.5	1/2	1/2	Chord	3/4	1	1	1/8		1/8	1	932									
49	49	293/2	293/2	0.5	5/8	5/8	Chord	3/4	1	1	1/8		1/8	1	933									
49	49	144	144	0.25	0	0	Chord	3/4	2	1	1/16		1/16	1	934									
49	49	577/4	577/4	0.25	1/16	1/16	Chord	3/4	2	1	1/16		1/16	1	935									
49	49	289/2	289/2	0.25	1/8	1/8	Chord	3/4	2	1	1/16		1/16	1	936									
49	49	579/4	579/4	0.25	3/16	3/16	Chord	3/4	2	1	1/16		1/16	1	937									
49	49	145	145	0.25	1/4	1/4	Chord	3/4	2	1	1/16		1/16	1	938									
49	49	581/4	581/4	0.25	5/16	5/16	Chord	3/4	2	1	1/16		1/16	1	939									
49	49	291/2	291/2	0.25	3/8	3/8	Chord	3/4	2	1	1/16		1/16	1	940									
49	49	583/4	583/4	0.25	7/16	7/16	Chord	3/4	2	1	1/16		1/16	1	941									
49	49	146	146	0.25	1/2	1/2	Chord	3/4	2	1	1/16		1/16	1	942									
49	49	585/4	585/4	0.25	9/16	9/16	Chord	3/4	2	1	1/16		1/16	1	943									
49	49	293/2	293/2	0.25	5/8	5/8	Chord	3/4	2	1	1/16		1/16	1	944									
49	49	587/4	587/4	0.25	11/16	11/16	Chord	3/4	2	1	1/16		1/16	1	945									
50	50	147	147	0.75	0	0	Chord	3/4	1	1	3/16		1/8	3/2	946									
50	50	591/4	591/4	0.25	3/16	3/16	Chord	3/4	1	1	1/16		1/16	1	947									
50	50	148	148	0.5	1/4	1/4	Chord	3/4	1	1	1/8		1/8	1	948									
50	50	297/2	297/2	0.5	3/8	3/8	Chord	3/4	1	1	1/8		1/8	1	949									
50	50	149	149	0.5	1/2	1/2	Chord	3/4	1	1	1/8		1/8	1	950									
50	50	299/2	299/2	0.5	5/8	5/8	Chord	3/4	1	1	1/8		1/8	1	951									
50	50	147	147	0.25	0	0	Chord	3/4	2	1	1/16		1/16	1	952									
50	50	589/4	589/4	0.25	1/16	1/16	Chord	3/4	2	1	1/16		1/16	1	953									
50	50	295/2	295/2	0.25	1/8	1/8	Chord	3/4	2	1	1/16		1/16	1	954									
50	50	591/4	591/4	0.25	3/16	3/16	Chord	3/4	2	1	1/16		1/16	1	955									
50	50	148	148	0.25	1/4	1/4	Chord	3/4	2	1	1/16		1/16	1	956									
50	50	593/4	593/4	0.25	5/16	5/16	Chord	3/4	2	1	1/16		1/16	1	957									
50	50	297/2	297/2	0.25	3/8	3/8	Chord	3/4	2	1	1/16		1/16	1	958									
50	50	595/4	595/4	0.25	7/16	7/16	Chord	3/4	2	1	1/16		1/16	1	959									
50	50	149	149	0.25	1/2	1/2	Chord	3/4	2	1	1/16		1/16	1	960									
50	50	597/4	597/4	0.25	9/16	9/16	Chord	3/4	2	1	1/16		1/16	1	961									
50	50	299/2	299/2	0.25	5/8	5/8	Chord	3/4	2	1	1/16		1/16	1	962									
50	50	599/4	599/4	0.25	11/16	11/16	Chord	3/4	2	1	1/16		1/16	1	963									
51	51	150	150	0.25	0	0	Chord	3/4	1	1	1/16		1/16	1	964									
51	51	601/4	601/4	0.25	1/16	1/16	Chord	3/4	1	1	1/16		1/16	1	965									
51	51	301/2	301/2	0.25	1/8	1/8	Chord	3/4	1	1	1/16		1/16	1	966									
51	51	603/4	603/4	0.25	3/16	3/16	Chord	3/4	1	1	1/16		1/16	1	967									
51	51	151	151	0.25	1/4	1/4	Chord	3/4	1	1	1/16		1/16	1	968									
51	51	605/4	605/4	0.25	5/16	5/16	Chord	3/4	1	1	1/16		1/16	1	969									
51	51	303/2	303/2	0.25	3/8	3/8	Chord	3/4	1	1	1/16		1/16	1	970									
51	51	607/4	607/4	0.25	7/16	7/16	Chord	3/4	1	1	1/16		1/16	1	971									
51	51	152	152	0.25	1/2	1/2	Chord	3/4	1	1	1/16		1/16	1	972									
51	51	609/4	609/4	0.25	9/16	9/16	Chord	3/4	1	1	1/16		1/16	1	973									
51	51	305/2	305/2	0.25	5/8	5/8	Chord	3/4	1	1	1/16		1/16	1	974									
51	51	611/4	611/4	0.25	11/16	11/16	Chord	3/4	1	1	1/16		1/16	1	975									
51	51	150	150	0.25	0	0	Chord	3/4	1	2	1/16		1/16	1	976									
51	51	601/4	601/4	0.25	1/16	1/16	Chord	3/4	1	2	1/16		1/16	1	977									
51	51	301/2	301/2	0.25	1/8	1/8	Chord	3/4	1	2	1/16		1/16	1	978									
51	51	603/4	603/4	0.25	3/16	3/16	Chord	3/4	1	2	1/16		1/16	1	979									
51	51	151	151	0.25	1/4	1/4	Chord	3/4	1	2	1/16		1/16	1	980									
51	51	605/4	605/4	0.25	5/16	5/16	Chord	3/4	1	2	1/16		1/16	1	981									
51	51	303/2	303/2	0.25	3/8	3/8	Chord	3/4	1	2	1/16		1/16	1	982									
51	51	607/4	607/4	0.25	7/16	7/16	Chord	3/4	1	2	1/16		1/16	1	983									
51	51	152	152	0.25	1/2	1/2	Chord	3/4	1	2	1/16		1/16	1	984									
51	51	609/4	609/4	0.25	9/16	9/16	Chord	3/4	1	2	1/16		1/16	1	985									
51	51	305/2	305/2	0.25	5/8	5/8	Chord	3/4	1	2	1/16		1/16	1	986									
51	51	611/4	611/4	0.25	11/16	11/16	Chord	3/4	1	2	1/16		1/16	1	987									
51	51	150	150	1.0	0	0	Chord	3/4	2	1	1/4		1/4	1	988									
51	51	151	151	1.0	1/4	1/4	Chord	3/4	2	1	1/4		1/4	1	989									
51	51	152	152	1.0	1/2	1/2	Chord	3/4	2	1	1/4		1/4	1	990									
52	52	153	153	1.0	0	0	Chord	3/4	1	1	1/4		1/4	1	991									
52	52	309/2	309/2	0.5	3/8	3/8	Chord	3/4	1	1	1/8		1/8	1	992									
52	52	155	155	0.5	1/2	1/2	Chord	3/4	1	1	1/8		1/8	1	993									
52	52	311/2	311/2	0.5	5/8	5/8	Chord	3/4	1	1	1/8		1/8	1	994									
52	52	613/4	613/4	0.25	1/16	1/16	Chord	3/4	2	1	1/16		1/16	1	995									
52	52	307/2	307/2	0.25	1/8	1/8	Chord	3/4	2	1	1/16		1/16	1	996									
52	52	615/4	615/4	0.25	3/16	3/16	Chord	3/4	2	1	1/16		1/16	1	997									
52	52	154	154	0.25	1/4	1/4	Chord	3/4	2	1	1/16		1/16	1	998									
52	52	617/4	617/4	0.25	5/16	5/16	Chord	3/4	2	1	1/16		1/16	1	999									
52	52	309/2	309/2	0.25	3/8	3/8	Chord	3/4	2	1	1/16		1/16	1	1000									
52	52	619/4	619/4	0.25	7/16	7/16	Chord	3/4	2	1	1/16		1/16	1	1001									
52	52	155	155	0.25	1/2	1/2	Chord	3/4	2	1	1/16		1/16	1	1002									
52	52	621/4	621/4	0.25	9/16	9/16	Chord	3/4	2	1	1/16		1/16	1	1003									
52	52	311/2	311/2	0.25	5/8	5/8	Chord	3/4	2	1	1/16		1/16	1	1004									
52	52	623/4	623/4	0.25	11/16	11/16	Chord	3/4	2	1	1/16		1/16	1	1005									
53	53	156	156	0.75	0	0	Chord	3/4	1	1	3/16		1/8	3/2	1006									
53	53	627/4	627/4	0.25	3/16	3/16	Chord	3/4	1	1	1/16		1/16	1	1007									
53	53	157	157	0.5	1/4	1/4	Chord	3/4	1	1	1/8		1/8	1	1008									
53	53	315/2	315/2	0.5	3/8	3/8	Chord	3/4	1	1	1/8		1/8	1	1009									
53	53	158	158	0.5	1/2	1/2	Chord	3/4	1	1	1/8		1/8	1	1010									
53	53	317/2	317/2	0.5	5/8	5/8	Chord	3/4	1	1	1/8		1/8	1	1011									
53	53	156	156	0.25	0	0	Chord	3/4	2	1	1/16		1/16	1	1012									
53	53	625/4	625/4	0.25	1/16	1/16	Chord	3/4	2	1	1/16		1/16	1	1013									
53	53	313/2	313/2	0.25	1/8	1/8	Chord	3/4	2	1	1/16		1/16	1	1014									
53	53	627/4	627/4	0.25	3/16	3/16	Chord	3/4	2	1	1/16		1/16	1	1015									
53	53	157	157	0.25	1/4	1/4	Chord	3/4	2	1	1/16		1/16	1	1016									
53	53	629/4	629/4	0.25	5/16	5/16	Chord	3/4	2	1	1/16		1/16	1	1017									
53	53	315/2	315/2	0.25	3/8	3/8	Chord	3/4	2	1	1/16		1/16	1	1018									
53	53	631/4	631/4	0.25	7/16	7/16	Chord	3/4	2	1	1/16		1/16	1	1019									
53	53	158	158	0.25	1/2	1/2	Chord	3/4	2	1	1/16		1/16	1	1020									
53	53	633/4	633/4	0.25	9/16	9/16	Chord	3/4	2	1	1/16		1/16	1	1021									
53	53	317/2	317/2	0.25	5/8	5/8	Chord	3/4	2	1	1/16		1/16	1	1022									
53	53	635/4	635/4	0.25	11/16	11/16	Chord	3/4	2	1	1/16		1/16	1	1023									
54	54	159	159	0.75	0	0	Chord	3/4	1	1	3/16		1/8	3/2	1024									
54	54	639/4	639/4	0.25	3/16	3/16	Chord	3/4	1	1	1/16		1/16	1	1025									
54	54	160	160	0.5	1/4	1/4	Chord	3/4	1	1	1/8		1/8	1	1026									
54	54	321/2	321/2	0.5	3/8	3/8	Chord	3/4	1	1	1/8		1/8	1	1027									
54	54	161	161	0.5	1/2	1/2	Chord	3/4	1	1	1/8		1/8	1	1028									
54	54	323/2	323/2	0.5	5/8	5/8	Chord	3/4	1	1	1/8		1/8	1	1029									
54	54	159	159	0.25	0	0	Chord	3/4	2	1	1/16		1/16	1	1030									
54	54	637/4	637/4	0.25	1/16	1/16	Chord	3/4	2	1	1/16		1/16	1	1031									
54	54	319/2	319/2	0.25	1/8	1/8	Chord	3/4	2	1	1/16		1/16	1	1032									
54	54	639/4	639/4	0.25	3/16	3/16	Chord	3/4	2	1	1/16		1/16	1	1033									
54	54	160	160	0.25	1/4	1/4	Chord	3/4	2	1	1/16		1/16	1	1034									
54	54	641/4	641/4	0.25	5/16	5/16	Chord	3/4	2	1	1/16		1/16	1	1035									
54	54	321/2	321/2	0.25	3/8	3/8	Chord	3/4	2	1	1/16		1/16	1	1036									
54	54	643/4	643/4	0.25	7/16	7/16	Chord	3/4	2	1	1/16		1/16	1	1037									
54	54	161	161	0.25	1/2	1/2	Chord	3/4	2	1	1/16		1/16	1	1038									
54	54	645/4	645/4	0.25	9/16	9/16	Chord	3/4	2	1	1/16		1/16	1	1039									
54	54	323/2	323/2	0.25	5/8	5/8	Chord	3/4	2	1	1/16		1/16	1	1040									
54	54	647/4	647/4	0.25	11/16	11/16	Chord	3/4	2	1	1/16		1/16	1	1041									
55	55	162	162	0.25	0	0	Chord	3/4	1	1	1/16		1/16	1	1042									
55	55	649/4	649/4	0.25	1/16	1/16	Chord	3/4	1	1	1/16		1/16	1	1043									
55	55	325/2	325/2	0.25	1/8	1/8	Chord	3/4	1	1	1/16		1/16	1	1044									
55	55	651/4	651/4	0.25	3/16	3/16	Chord	3/4	1	1	1/16		1/16	1	1045									
55	55	163	163	0.25	1/4	1/4	Chord	3/4	1	1	1/16		1/16	1	1046									
55	55	653/4	653/4	0.25	5/16	5/16	Chord	3/4	1	1	1/16		1/16	1	1047									
55	55	327/2	327/2	0.25	3/8	3/8	Chord	3/4	1	1	1/16		1/16	1	1048									
55	55	655/4	655/4	0.25	7/16	7/16	Chord	3/4	1	1	1/16		1/16	1	1049									
55	55	164	164	0.25	1/2	1/2	Chord	3/4	1	1	1/16		1/16	1	1050									
55	55	657/4	657/4	0.25	9/16	9/16	Chord	3/4	1	1	1/16		1/16	1	1051									
55	55	329/2	329/2	0.25	5/8	5/8	Chord	3/4	1	1	1/16		1/16	1	1052									
55	55	659/4	659/4	0.25	11/16	11/16	Chord	3/4	1	1	1/16		1/16	1	1053									
55	55	162	162	0.25	0	0	Chord	3/4	1	2	1/16		1/16	1	1054									
55	55	649/4	649/4	0.25	1/16	1/16	Chord	3/4	1	2	1/16		1/16	1	1055									
55	55	325/2	325/2	0.25	1/8	1/8	Chord	3/4	1	2	1/16		1/16	1	1056									
55	55	651/4	651/4	0.25	3/16	3/16	Chord	3/4	1	2	1/16		1/16	1	1057									
55	55	163	163	0.25	1/4	1/4	Chord	3/4	1	2	1/16		1/16	1	1058									
55	55	653/4	653/4	0.25	5/16	5/16	Chord	3/4	1	2	1/16		1/16	1	1059									
55	55	327/2	327/2	0.25	3/8	3/8	Chord	3/4	1	2	1/16		1/16	1	1060									
55	55	655/4	655/4	0.25	7/16	7/16	Chord	3/4	1	2	1/16		1/16	1	1061									
55	55	164	164	0.25	1/2	1/2	Chord	3/4	1	2	1/16		1/16	1	1062									
55	55	657/4	657/4	0.25	9/16	9/16	Chord	3/4	1	2	1/16		1/16	1	1063									
55	55	329/2	329/2	0.25	5/8	5/8	Chord	3/4	1	2	1/16		1/16	1	1064									
55	55	659/4	659/4	0.25	11/16	11/16	Chord	3/4	1	2	1/16		1/16	1	1065									
55	55	162	162	1.0	0	0	Chord	3/4	2	1	1/4		1/4	1	1066									
55	55	163	163	1.0	1/4	1/4	Chord	3/4	2	1	1/4		1/4	1	1067									
55	55	164	164	1.0	1/2	1/2	Chord	3/4	2	1	1/4		1/4	1	1068									
56	56	165	165	1.0	0	0	Chord	3/4	1	1	1/4		1/4	1	1069									
56	56	166	166	0.25	1/4	1/4	Chord	3/4	1	1	1/16		1/16	1	1070									
56	56	665/4	665/4	0.25	5/16	5/16	Chord	3/4	1	1	1/16		1/16	1	1071									
56	56	333/2	333/2	0.25	3/8	3/8	Chord	3/4	1	1	1/16		1/16	1	1072									
56	56	667/4	667/4	0.25	7/16	7/16	Chord	3/4	1	1	1/16		1/16	1	1073									
56	56	167	167	0.25	1/2	1/2	Chord	3/4	1	1	1/16		1/16	1	1074									
56	56	669/4	669/4	0.25	9/16	9/16	Chord	3/4	1	1	1/16		1/16	1	1075									
56	56	335/2	335/2	0.25	5/8	5/8	Chord	3/4	1	1	1/16		1/16	1	1076									
56	56	671/4	671/4	0.25	11/16	11/16	Chord	3/4	1	1	1/16		1/16	1	1077									
56	56	165	165	0.25	0	0	Chord	3/4	1	2	1/16		1/16	1	1078									
56	56	661/4	661/4	0.25	1/16	1/16	Chord	3/4	1	2	1/16		1/16	1	1079									
56	56	331/2	331/2	0.25	1/8	1/8	Chord	3/4	1	2	1/16		1/16	1	1080									
56	56	663/4	663/4	0.25	3/16	3/16	Chord	3/4	1	2	1/16		1/16	1	1081									
56	56	166	166	1.0	1/4	1/4	Chord	3/4	1	2	1/4		1/4	1	1082									
56	56	167	167	1.0	1/2	1/2	Chord	3/4	1	2	1/4		1/4	1	1083									
56	56	165	165	1.0	0	0	Chord	3/4	2	1	1/4		1/4	1	1084									
56	56	166	166	1.0	1/4	1/4	Chord	3/4	2	1	1/4		1/4	1	1085									
56	56	167	167	1.0	1/2	1/2	Chord	3/4	2	1	1/4		1/4	1	1086									
57	57	168	168	1.0	0	0	Chord	3/4	1	1	1/4		1/4	1	1087									
57	57	169	169	0.25	1/4	1/4	Chord	3/4	1	1	1/16		1/16	1	1088									
57	57	677/4	677/4	0.25	5/16	5/16	Chord	3/4	1	1	1/16		1/16	1	1089									
57	57	339/2	339/2	0.25	3/8	3/8	Chord	3/4	1	1	1/16		1/16	1	1090									
57	57	679/4	679/4	0.25	7/16	7/16	Chord	3/4	1	1	1/16		1/16	1	1091									
57	57	170	170	0.25	1/2	1/2	Chord	3/4	1	1	1/16		1/16	1	1092									
57	57	681/4	681/4	0.25	9/16	9/16	Chord	3/4	1	1	1/16		1/16	1	1093									
57	57	341/2	341/2	0.25	5/8	5/8	Chord	3/4	1	1	1/16		1/16	1	1094									
57	57	683/4	683/4	0.25	11/16	11/16	Chord	3/4	1	1	1/16		1/16	1	1095									
57	57	170	170	0.5	1/2	1/2	Chord	3/4	1	2	1/8		1/8	1	1096									
57	57	341/2	341/2	0.5	5/8	5/8	Chord	3/4	1	2	1/8		1/8	1	1097									
57	57	673/4	673/4	0.25	1/16	1/16	Chord	3/4	2	1	1/16		1/16	1	1098									
57	57	337/2	337/2	0.25	1/8	1/8	Chord	3/4	2	1	1/16		1/16	1	1099									
57	57	675/4	675/4	0.25	3/16	3/16	Chord	3/4	2	1	1/16		1/16	1	1100									
57	57	169	169	1.0	1/4	1/4	Chord	3/4	2	1	1/4		1/4	1	1101									
57	57	170	170	1.0	1/2	1/2	Chord	3/4	2	1	1/4		1/4	1	1102									
58	58	171	171	0.25	0	0	Chord	3/4	1	1	1/16		1/16	1	1103									
58	58	685/4	685/4	0.25	1/16	1/16	Chord	3/4	1	1	1/16		1/16	1	1104									
58	58	343/2	343/2	0.25	1/8	1/8	Chord	3/4	1	1	1/16		1/16	1	1105									
58	58	687/4	687/4	0.25	3/16	3/16	Chord	3/4	1	1	1/16		1/16	1	1106									
58	58	172	172	1.5	1/4	1/4	Chord	3/4	1	1	3/8		1/4	3/2	1107									
58	58	347/2	347/2	0.5	5/8	5/8	Chord	3/4	1	1	1/8		1/8	1	1108									
58	58	171	171	1.0	0	0	Chord	3/4	1	2	1/4		1/4	1	1109									
58	58	171	171	1.0	0	0	Chord	3/4	2	1	1/4		1/4	1	1110									
58	58	689/4	689/4	0.25	5/16	5/16	Chord	3/4	2	1	1/16		1/16	1	1111									
58	58	345/2	345/2	0.25	3/8	3/8	Chord	3/4	2	1	1/16		1/16	1	1112									
58	58	691/4	691/4	0.25	7/16	7/16	Chord	3/4	2	1	1/16		1/16	1	1113									
58	58	173	173	0.25	1/2	1/2	Chord	3/4	2	1	1/16		1/16	1	1114									
58	58	693/4	693/4	0.25	9/16	9/16	Chord	3/4	2	1	1/16		1/16	1	1115									
58	58	347/2	347/2	0.25	5/8	5/8	Chord	3/4	2	1	1/16		1/16	1	1116									
58	58	695/4	695/4	0.25	11/16	11/16	Chord	3/4	2	1	1/16		1/16	1	1117									
58	58	689/4	689/4	0.25	5/16	5/16	Chord	3/4	2	2	1/16		1/16	1	1118									
58	58	345/2	345/2	0.25	3/8	3/8	Chord	3/4	2	2	1/16		1/16	1	1119									
58	58	691/4	691/4	0.25	7/16	7/16	Chord	3/4	2	2	1/16		1/16	1	1120									
58	58	173	173	0.25	1/2	1/2	Chord	3/4	2	2	1/16		1/16	1	1121									
58	58	693/4	693/4	0.25	9/16	9/16	Chord	3/4	2	2	1/16		1/16	1	1122									
58	58	347/2	347/2	0.25	5/8	5/8	Chord	3/4	2	2	1/16		1/16	1	1123									
58	58	695/4	695/4	0.25	11/16	11/16	Chord	3/4	2	2	1/16		1/16	1	1124									
59	59	174	174	0.25	0	0	Chord	3/4	1	1	1/16		1/16	1	1125									
59	59	697/4	697/4	0.25	1/16	1/16	Chord	3/4	1	1	1/16		1/16	1	1126									
59	59	349/2	349/2	0.25	1/8	1/8	Chord	3/4	1	1	1/16		1/16	1	1127									
59	59	699/4	699/4	0.25	3/16	3/16	Chord	3/4	1	1	1/16		1/16	1	1128									
59	59	175	175	2.0	1/4	1/4	Chord	3/4	1	1	1/2		1/2	1	1129									
59	59	174	174	1.0	0	0	Chord	3/4	2	1	1/4		1/4	1	1130									
59	59	701/4	701/4	0.25	5/16	5/16	Chord	3/4	2	1	1/16		1/16	1	1131									
59	59	351/2	351/2	0.25	3/8	3/8	Chord	3/4	2	1	1/16		1/16	1	1132									
59	59	703/4	703/4	0.25	7/16	7/16	Chord	3/4	2	1	1/16		1/16	1	1133									
59	59	176	176	0.25	1/2	1/2	Chord	3/4	2	1	1/16		1/16	1	1134									
59	59	705/4	705/4	0.25	9/16	9/16	Chord	3/4	2	1	1/16		1/16	1	1135									
59	59	353/2	353/2	0.25	5/8	5/8	Chord	3/4	2	1	1/16		1/16	1	1136									
59	59	707/4	707/4	0.25	11/16	11/16	Chord	3/4	2	1	1/16		1/16	1	1137									
60	60	177	177	0.25	0	0	Chord	3/4	1	1	1/16		1/16	1	1138									
60	60	709/4	709/4	0.25	1/16	1/16	Chord	3/4	1	1	1/16		1/16	1	1139									
60	60	355/2	355/2	0.25	1/8	1/8	Chord	3/4	1	1	1/16		1/16	1	1140									
60	60	711/4	711/4	0.25	3/16	3/16	Chord	3/4	1	1	1/16		1/16	1	1141									
60	60	178	178	2.0	1/4	1/4	Chord	3/4	1	1	1/2		1/2	1	1142									
60	60	177	177	0.25	0	0	Chord	3/4	1	2	1/16		1/16	1	1143									
60	60	709/4	709/4	0.25	1/16	1/16	Chord	3/4	1	2	1/16		1/16	1	1144									
60	60	355/2	355/2	0.25	1/8	1/8	Chord	3/4	1	2	1/16		1/16	1	1145									
60	60	711/4	711/4	0.25	3/16	3/16	Chord	3/4	1	2	1/16		1/16	1	1146									
60	60	178	178	2.0	1/4	1/4	Chord	3/4	1	2	1/2		1/2	1	1147									
60	60	177	177	1.0	0	0	Chord	3/4	2	1	1/4		1/4	1	1148									
60	60	178	178	0.25	1/4	1/4	Chord	3/4	2	1	1/16		1/16	1	1149									
60	60	713/4	713/4	0.25	5/16	5/16	Chord	3/4	2	1	1/16		1/16	1	1150									
60	60	357/2	357/2	0.25	3/8	3/8	Chord	3/4	2	1	1/16		1/16	1	1151									
60	60	715/4	715/4	0.25	7/16	7/16	Chord	3/4	2	1	1/16		1/16	1	1152									
60	60	179	179	0.25	1/2	1/2	Chord	3/4	2	1	1/16		1/16	1	1153									
60	60	717/4	717/4	0.25	9/16	9/16	Chord	3/4	2	1	1/16		1/16	1	1154									
60	60	359/2	359/2	0.25	5/8	5/8	Chord	3/4	2	1	1/16		1/16	1	1155									
60	60	719/4	719/4	0.25	11/16	11/16	Chord	3/4	2	1	1/16		1/16	1	1156									
61	61	180	180	0.0	0	0	StaffText	3/4	1	1	0						Siegue subito							
61	61	180	180	2.0	0	0	Chord	3/4	1	1	1/2		1/2	1	1157									
61	61	182	182	1.0	1/2	1/2	Chord	3/4	1	1	1/4		1/4	1	1158	ornamentTrill								
61	61	180	180	2.0	0	0	Chord	3/4	1	2	1/2		1/2	1	1159									
61	61	182	182	1.0	1/2	1/2	Chord	3/4	1	2	1/4		1/4	1	1160									
61	61	180	180	2.0	0	0	Chord	3/4	2	1	1/2		1/2	1	1161									
61	61	182	182	1.0	1/2	1/2	Chord	3/4	2	1	1/4		1/4	1	1162									
61	61	182	182	1.0	1/2	1/2	Chord	3/4	2	2	1/4		1/4	1	1163									
62	62	183	183	0.0	0	0	StaffText	3/4	1	1	0						[2. Allegro Moderato]							
62	62	183	183	1.0	0	0	Chord	3/4	1	1	1/4		1/4	1	1164									
62	62	183	183	0.0	0	0	Spanner	3/4	2	1	0													0
62	62	183	183	1.0	0	0	Chord	3/4	2	1	1/4		1/4	1	1165									0
62	62	184	184	0.0	1/4	1/4	Spanner	3/4	2	1	0													
