mc	mn	mc_onset	mn_onset	timesig	staff	voice	volta	label	globalkey	localkey	pedal	chord	special	numeral	form	figbass	changes	relativeroot	cadence	phraseend	chord_type	globalkey_is_minor	localkey_is_minor	chord_tones	added_tones	root	bass_note
1	1	0	0	4/4	1	1		.c.i	c	i		i		i							m	1	1	0, -3, 1		0	0
1	1	1/4	1/4	4/4	1	1		i6	c	i		i6		i		6					m	1	1	-3, 1, 0		0	-3
1	1	1/2	1/2	4/4	1	1		V	c	i		V		V							M	1	1	1, 5, 2		1	1
1	1	7/8	7/8	4/4	1	1		i	c	i		i		i							m	1	1	0, -3, 1		0	0
2	2	0	0	4/4	1	1		iv6	c	i		iv6		iv		6					m	1	1	-4, 0, -1		-1	-4
2	2	3/8	3/8	4/4	1	1		iv	c	i		iv		iv							m	1	1	-1, -4, 0		-1	-1
2	2	1/2	1/2	4/4	1	1		V	c	i		V		V							M	1	1	1, 5, 2		1	1
2	2	5/8	5/8	4/4	1	1		i	c	i		i		i							m	1	1	0, -3, 1		0	0
3	3	0	0	4/4	1	1		#viio(2)	c	i		#viio(2)		#vii	o		2				o	1	1	0, 2, -1		5	0
3	3	1/4	1/4	4/4	1	1		V6	c	i		V6		V		6					M	1	1	5, 2, 1		1	5
3	3	1/2	1/2	4/4	1	1		i	c	i		i		i							m	1	1	0, -3, 1		0	0
3	3	3/4	3/4	4/4	1	1		v6	c	i		v6		v		6					m	1	1	-2, 2, 1		1	-2
4	4	0	0	4/4	1	1		v	c	i		v		v							m	1	1	1, -2, 2		1	1
4	4	3/8	3/8	4/4	1	1		v6	c	i		v6		v		6					m	1	1	-2, 2, 1		1	-2
4	4	1/2	1/2	4/4	1	1		iv/v	c	i		iv/v		iv				v			m	1	1	0, -3, 1		0	0
5	5	0	0	4/4	1	1		v(4)	c	i		v(4)		v			4				m	1	1	1, 0, 2		1	1
5	5	1/8	1/8	4/4	1	1		v	c	i		v		v							m	1	1	1, -2, 2		1	1
5	5	1/4	1/4	4/4	1	1		v6	c	i		v6		v		6					m	1	1	-2, 2, 1		1	-2
5	5	1/2	1/2	4/4	1	1		#viio64(2)/v	c	i		#viio64(2)/v		#vii	o	64	2	v			o	1	1	0, 1, 3		6	0
5	5	3/4	3/4	4/4	1	1		V/v	c	i		V/v		V				v			M	1	1	2, 6, 3		2	2
6	6	0	0	4/4	1	1		v6	c	i		v6		v		6					m	1	1	-2, 2, 1		1	-2
6	6	1/4	1/4	4/4	1	1		v	c	i		v		v							m	1	1	1, -2, 2		1	1
6	6	1/2	1/2	4/4	1	1		V(64)	c	i		V(64)		V			64				M	1	1	1, 0, -3		1	1
6	6	3/4	3/4	4/4	1	1		#viio64	c	i		#viio64		#vii	o	64					o	1	1	-1, 5, 2		5	-1
7	7	0	0	4/4	1	1		i6	c	i		i6		i		6					m	1	1	-3, 1, 0		0	-3
7	7	1/2	1/2	4/4	1	1		i	c	i		i		i							m	1	1	0, -3, 1		0	0
8	8	0	0	4/4	1	1		iv	c	i		iv		iv							m	1	1	-1, -4, 0		-1	-1
8	8	1/2	1/2	4/4	1	1		i(4)	c	i		i(4)		i			4				m	1	1	0, -1, 1		0	0
8	8	5/8	5/8	4/4	1	1		i	c	i		i		i							m	1	1	0, -3, 1		0	0
8	8	3/4	3/4	4/4	1	1		i6	c	i		i6		i		6					m	1	1	-3, 1, 0		0	-3
9	9	0	0	4/4	1	1		#viio64(2)	c	i		#viio64(2)		#vii	o	64	2				o	1	1	-1, 0, 2		5	-1
9	9	1/4	1/4	4/4	1	1		V	c	i		V		V							M	1	1	1, 5, 2		1	1
9	9	1/2	1/2	4/4	1	1		i6	c	i		i6		i		6					m	1	1	-3, 1, 0		0	-3
9	9	3/4	3/4	4/4	1	1		i	c	i		i		i							m	1	1	0, -3, 1		0	0
10	10	0	0	4/4	1	1		#viio(2)	c	i		#viio(2)		#vii	o		2				o	1	1	0, 2, -1		5	0
10	10	1/4	1/4	4/4	1	1		V6	c	i		V6		V		6					M	1	1	5, 2, 1		1	5
10	10	1/2	1/2	4/4	1	1		i	c	i		i		i							m	1	1	0, -3, 1		0	0
10	10	3/4	3/4	4/4	1	1		v6	c	i		v6		v		6					m	1	1	-2, 2, 1		1	-2
11	11	0	0	4/4	1	1		#viio6(2)/v	c	i		#viio6(2)/v		#vii	o	6	2	v			o	1	1	3, 0, 1		6	3
11	11	1/4	1/4	4/4	1	1		V/v	c	i		V/v		V				v			M	1	1	2, 6, 3		2	2
11	11	1/2	1/2	4/4	1	1		v	c	i		v		v							m	1	1	1, -2, 2		1	1
11	11	3/4	3/4	4/4	1	1		v6	c	i		v6		v		6					m	1	1	-2, 2, 1		1	-2
12	12	0	0	4/4	1	1		V/v	c	i		V/v		V				v			M	1	1	2, 6, 3		2	2
12	12	3/8	3/8	4/4	1	1		v	c	i		v		v							m	1	1	1, -2, 2		1	1
12	12	1/2	1/2	4/4	1	1		iv6(2)/v	c	i		iv6(2)/v		iv		6	2	v			m	1	1	-3, 1, 2		0	-3
12	12	3/4	3/4	4/4	1	1		iv6/v	c	i		iv6/v		iv		6		v			m	1	1	-3, 1, 0		0	-3
13	13	0	0	4/4	1	1		V7	c	i		V7		V		7					Mm7	1	1	1, 5, 2, -1		1	1
13	13	1/8	1/8	4/4	1	1		i(4)	c	i		i(4)		i			4				m	1	1	0, -1, 1		0	0
13	13	1/4	1/4	4/4	1	1		i	c	i		i		i							m	1	1	0, -3, 1		0	0
13	13	1/2	1/2	4/4	1	1		#viio(2)/v	c	i		#viio(2)/v		#vii	o		2	v			o	1	1	1, 3, 0		6	1
13	13	3/4	3/4	4/4	1	1		V6/v	c	i		V6/v		V		6		v			M	1	1	6, 3, 2		2	6
14	14	0	0	4/4	1	1		v	c	i		v		v							m	1	1	1, -2, 2		1	1
14	14	1/2	1/2	4/4	1	1		viio6(2)/VII	c	i		viio6(2)/VII		vii	o	6	2	VII			o	1	1	0, -3, -2		3	0
14	14	3/4	3/4	4/4	1	1		V/VII	c	i		V/VII		V				VII			M	1	1	-1, 3, 0		-1	-1
15	15	0	0	4/4	1	1		VII	c	i		VII		VII							M	1	1	-2, 2, -1		-2	-2
15	15	1/4	1/4	4/4	1	1		III6	c	i		III6		III		6					M	1	1	1, -2, -3		-3	1
15	15	1/2	1/2	4/4	1	1		viio6(2)/III	c	i		viio6(2)/III		vii	o	6	2	III			o	1	1	-1, -4, -3		2	-1
15	15	3/4	3/4	4/4	1	1		V/III	c	i		V/III		V				III			M	1	1	-2, 2, -1		-2	-2
16	16	0	0	4/4	1	1		III\\	c	i		III		III						\\	M	1	1	-3, 1, -2		-3	-3
16	16	1/4	1/4	4/4	1	1		III6	c	i		III6		III		6					M	1	1	1, -2, -3		-3	1
16	16	1/2	1/2	4/4	1	1		V(4)/III	c	i		V(4)/III		V			4	III			M	1	1	-2, -3, -1		-2	-2
16	16	5/8	5/8	4/4	1	1		V/III	c	i		V/III		V				III			M	1	1	-2, 2, -1		-2	-2
16	16	7/8	7/8	4/4	1	1		III	c	i		III		III							M	1	1	-3, 1, -2		-3	-3
17	17	0	0	4/4	1	1		vi/III	c	i		vi/III		vi				III			m	1	1	0, -3, 1		0	0
17	17	1/4	1/4	4/4	1	1		IV6/III	c	i		IV6/III		IV		6		III			M	1	1	0, -3, -4		-4	0
17	17	1/2	1/2	4/4	1	1		V7/III	c	i		V7/III		V		7		III			Mm7	1	1	-2, 2, -1, -4		-2	-2
17	17	5/8	5/8	4/4	1	1		III(4)	c	i		III(4)		III			4				M	1	1	-3, -4, -2		-3	-3
17	17	3/4	3/4	4/4	1	1		III6	c	i		III6		III		6					M	1	1	1, -2, -3		-3	1
18	18	0	0	4/4	1	1		viio64(2)/III	c	i		viio64(2)/III		vii	o	64	2	III			o	1	1	-4, -3, -1		2	-4
18	18	1/4	1/4	4/4	1	1		V/III	c	i		V/III		V				III			M	1	1	-2, 2, -1		-2	-2
18	18	1/2	1/2	4/4	1	1		i64(2)	c	i		i64(2)		i		64	2				m	1	1	1, 2, -3		0	1
18	18	3/4	3/4	4/4	1	1		VI	c	i		VI		VI							M	1	1	-4, 0, -3		-4	-4
19	19	0	0	4/4	1	1		VII64(2)	c	i		VII64(2)		VII		64	2				M	1	1	-1, 0, 2		-2	-1
19	19	1/4	1/4	4/4	1	1		v	c	i		v		v							m	1	1	1, -2, 2		1	1
19	19	1/2	1/2	4/4	1	1		V65/iv	c	i		V65/iv		V		65		iv			Mm7	1	1	4, 1, -2, 0		0	4
19	19	5/8	5/8	4/4	1	1		V7/iv	c	i		V7/iv		V		7		iv			Mm7	1	1	0, 4, 1, -2		0	0
19	19	3/4	3/4	4/4	1	1		iv	c	i		iv		iv							m	1	1	-1, -4, 0		-1	-1
20	20	0	0	4/4	1	1		IV6(2)/iv	c	i		IV6(2)/iv		IV		6	2	iv			M	1	1	2, -1, 0		-2	2
20	20	1/8	1/8	4/4	1	1		IV6/iv	c	i		IV6/iv		IV		6		iv			M	1	1	2, -1, -2		-2	2
20	20	3/8	3/8	4/4	1	1		V7/iv	c	i		V7/iv		V		7		iv			Mm7	1	1	0, 4, 1, -2		0	0
20	20	5/8	5/8	4/4	1	2		iv(#74)	c	i		iv(#74)		iv			#74				m	1	1	-1, -2, 0	4	-1	-1
20	20	3/4	3/4	4/4	1	2		iv	c	i		iv		iv							m	1	1	-1, -4, 0		-1	-1
21	21	0	0	4/4	1	1		ii/VI	c	i		ii/VI		ii				VI			m	1	1	-2, -5, -1		-2	-2
21	21	1/4	1/4	4/4	1	1		V7/VI	c	i		V7/VI		V		7		VI			Mm7	1	1	-3, 1, -2, -5		-3	-3
21	21	1/2	1/2	4/4	1	1		VI	c	i		VI		VI							M	1	1	-4, 0, -3		-4	-4
21	21	7/8	7/8	4/4	1	1		VI6	c	i		VI6		VI		6					M	1	1	0, -3, -4		-4	0
22	22	0	0	4/4	1	1		viio6(2)/VI	c	i		viio6(2)/VI		vii	o	6	2	VI			o	1	1	-2, -5, -4		1	-2
22	22	1/4	1/4	4/4	1	1		V7/VI	c	i		V7/VI		V		7		VI			Mm7	1	1	-3, 1, -2, -5		-3	-3
22	22	1/2	1/2	4/4	1	1		VI	c	i		VI		VI							M	1	1	-4, 0, -3		-4	-4
22	22	3/4	3/4	4/4	1	1		iv6	c	i		iv6		iv		6					m	1	1	-4, 0, -1		-1	-4
22	22	7/8	7/8	4/4	1	1		iv	c	i		iv		iv							m	1	1	-1, -4, 0		-1	-1
23	23	0	0	4/4	1	1		#viio6(2)/iv	c	i		#viio6(2)/iv		#vii	o	6	2	iv			o	1	1	1, -2, -1		4	1
23	23	1/4	1/4	4/4	1	1		V7/iv	c	i		V7/iv		V		7		iv			Mm7	1	1	0, 4, 1, -2		0	0
23	23	1/2	1/2	4/4	1	1		iv	c	i		iv		iv							m	1	1	-1, -4, 0		-1	-1
23	23	3/4	3/4	4/4	1	1		IV6/VI	c	i		IV6/VI		IV		6		VI			M	1	1	-1, -4, -5		-5	-1
24	24	0	0	4/4	1	1		V7/VI	c	i		V7/VI		V		7		VI			Mm7	1	1	-3, 1, -2, -5		-3	-3
24	24	1/4	1/4	4/4	1	1		i6	c	i		i6		i		6					m	1	1	-3, 1, 0		0	-3
24	24	1/2	1/2	4/4	1	1		vii6(2)	c	i		vii6(2)		vii		6	2				m	1	1	-5, -1, 0		-2	-5
24	24	3/4	3/4	4/4	1	1		vii6	c	i		vii6		vii		6					m	1	1	-5, -1, -2		-2	-5
25	25	0	0	4/4	1	1		VI6(2)	c	i		VI6(2)		VI		6	2				M	1	1	0, -3, -2		-4	0
25	25	1/4	1/4	4/4	1	1		VI6	c	i		VI6		VI		6					M	1	1	0, -3, -4		-4	0
25	25	1/2	1/2	4/4	1	1		viio6(2)/VI	c	i		viio6(2)/VI		vii	o	6	2	VI			o	1	1	-2, -5, -4		1	-2
25	25	3/4	3/4	4/4	1	1		V7/III	c	i		V7/III		V		7		III			Mm7	1	1	-2, 2, -1, -4		-2	-2
26	26	0	0	4/4	1	1		III\\	c	i		III		III						\\	M	1	1	-3, 1, -2		-3	-3
26	26	1/4	1/4	4/4	1	1		III6	c	i		III6		III		6					M	1	1	1, -2, -3		-3	1
26	26	1/2	1/2	4/4	1	1		V/III	c	i		V/III		V				III			M	1	1	-2, 2, -1		-2	-2
26	26	7/8	7/8	4/4	1	1		#viio6/iv	c	i		#viio6/iv		#vii	o	6		iv			o	1	1	1, -2, 4		4	1
27	27	0	0	4/4	1	1		iv	c	i		iv		iv							m	1	1	-1, -4, 0		-1	-1
27	27	1/4	1/4	4/4	1	1		iv6	c	i		iv6		iv		6					m	1	1	-4, 0, -1		-1	-4
27	27	1/2	1/2	4/4	1	1		V/iv	c	i		V/iv		V				iv			M	1	1	0, 4, 1		0	0
27	27	7/8	7/8	4/4	1	1		#viio6/v	c	i		#viio6/v		#vii	o	6		v			o	1	1	3, 0, 6		6	3
28	28	0	0	4/4	1	1		v	c	i		v		v							m	1	1	1, -2, 2		1	1
28	28	1/4	1/4	4/4	1	1		v6	c	i		v6		v		6					m	1	1	-2, 2, 1		1	-2
28	28	1/2	1/2	4/4	1	1		V/v	c	i		V/v		V				v			M	1	1	2, 6, 3		2	2
28	28	3/4	3/4	4/4	1	1		v6	c	i		v6		v		6					m	1	1	-2, 2, 1		1	-2
28	28	7/8	7/8	4/4	1	1		v	c	i		v		v							m	1	1	1, -2, 2		1	1
29	29	0	0	4/4	1	1		iv6(2)/v	c	i		iv6(2)/v		iv		6	2	v			m	1	1	-3, 1, 2		0	-3
29	29	1/8	1/8	4/4	1	1		iv6/v	c	i		iv6/v		iv		6		v			m	1	1	-3, 1, 0		0	-3
29	29	1/2	1/2	4/4	1	1		V7/v	c	i		V7/v		V		7		v			Mm7	1	1	2, 6, 3, 0		2	2
29	29	5/8	5/8	4/4	1	1		v	c	i		v		v							m	1	1	1, -2, 2		1	1
30	30	0	0	4/4	1	1		iv6/v	c	i		iv6/v		iv		6		v			m	1	1	-3, 1, 0		0	-3
30	30	1/2	1/2	4/4	1	1		V7/v	c	i		V7/v		V		7		v			Mm7	1	1	2, 6, 3, 0		2	2
30	30	5/8	5/8	4/4	1	1		v(9#7)	c	i		v(9#7)		v			9#7				m	1	1	1, -2, 2	-4, 6	1	1
30	30	3/4	3/4	4/4	1	1		v	c	i		v		v							m	1	1	1, -2, 2		1	1
31	31	0	0	4/4	1	1		IV6/VII	c	i		IV6/VII		IV		6		VII			M	1	1	1, -2, -3		-3	1
31	31	1/4	1/4	4/4	1	1		viio/VII	c	i		viio/VII		vii	o			VII			o	1	1	3, 0, -3		3	3
31	31	1/2	1/2	4/4	1	1		VII(9)	c	i		VII(9)		VII			9				M	1	1	-2, 2, -1	0	-2	-2
31	31	5/8	5/8	4/4	1	1		VII	c	i		VII		VII							M	1	1	-2, 2, -1		-2	-2
31	31	7/8	7/8	4/4	1	1		V43/v	c	i		V43/v		V		43		v			Mm7	1	1	3, 0, 2, 6		2	3
32	32	0	0	4/4	1	1		v	c	i		v		v							m	1	1	1, -2, 2		1	1
32	32	1/4	1/4	4/4	1	1		V65/ii	c	i		V65/ii		V		65		ii			Mm7	1	1	7, 4, 1, 3		3	7
32	32	1/2	1/2	4/4	1	1		ii	c	i		ii		ii							m	1	1	2, -1, 3		2	2
32	32	3/4	3/4	4/4	1	1		#viio(2)/ii	c	i		#viio(2)/ii		#vii	o		2	ii			o	1	1	2, 4, 1		7	2
32	32	7/8	7/8	4/4	1	1		#viio/ii	c	i		#viio/ii		#vii	o			ii			o	1	1	7, 4, 1		7	7
33	33	0	0	4/4	1	1		V/v	c	i		V/v		V				v			M	1	1	2, 6, 3		2	2
34	34	0	0	4/4	1	1		V(64)/v	c	i		V(64)/v		V			64	v			M	1	1	2, 1, -2		2	2
35	35	0	0	4/4	1	1		V/v	c	i		V/v		V				v			M	1	1	2, 6, 3		2	2
35	35	1/2	1/2	4/4	1	1		v(4)	c	i		v(4)		v			4				m	1	1	1, 0, 2		1	1
35	35	3/4	3/4	4/4	1	1		V7/v	c	i		V7/v		V		7		v			Mm7	1	1	2, 6, 3, 0		2	2
36	36	0	0	4/4	1	1		v	c	i		v		v							m	1	1	1, -2, 2		1	1
36	36	3/4	3/4	4/4	1	1		V	c	i		V		V							M	1	1	1, 5, 2		1	1
37	37	0	0	4/4	1	1		V(64)	c	i		V(64)		V			64				M	1	1	1, 0, -3		1	1
38	38	0	0	4/4	1	1		V7	c	i		V7		V		7					Mm7	1	1	1, 5, 2, -1		1	1
39	39	0	0	4/4	1	1		i\\	c	i		i		i						\\	m	1	1	0, -3, 1		0	0
39	39	1/4	1/4	4/4	1	1		i6	c	i		i6		i		6					m	1	1	-3, 1, 0		0	-3
39	39	1/2	1/2	4/4	1	1		#viio64(2)	c	i		#viio64(2)		#vii	o	64	2				o	1	1	-1, 0, 2		5	-1
39	39	3/4	3/4	4/4	1	1		V	c	i		V		V							M	1	1	1, 5, 2		1	1
40	40	0	0	4/4	1	1		i6	c	i		i6		i		6					m	1	1	-3, 1, 0		0	-3
40	40	1/4	1/4	4/4	1	1		i	c	i		i		i							m	1	1	0, -3, 1		0	0
40	40	1/2	1/2	4/4	1	1		viio6(2)/III	c	i		viio6(2)/III		vii	o	6	2	III			o	1	1	-1, -4, -3		2	-1
40	40	3/4	3/4	4/4	1	1		V/III	c	i		V/III		V				III			M	1	1	-2, 2, -1		-2	-2
41	41	0	0	4/4	1	1		III	c	i		III		III							M	1	1	-3, 1, -2		-3	-3
41	41	1/4	1/4	4/4	1	1		V7/VI	c	i		V7/VI		V		7		VI			Mm7	1	1	-3, 1, -2, -5		-3	-3
41	41	1/2	1/2	4/4	1	1		V6/iv	c	i		V6/iv		V		6		iv			M	1	1	4, 1, 0		0	4
41	41	3/4	3/4	4/4	1	1		V65/iv	c	i		V65/iv		V		65		iv			Mm7	1	1	4, 1, -2, 0		0	4
42	42	0	0	4/4	1	1		iv	c	i		iv		iv							m	1	1	-1, -4, 0		-1	-1
42	42	1/4	1/4	4/4	1	1		iv6	c	i		iv6		iv		6					m	1	1	-4, 0, -1		-1	-4
42	42	1/2	1/2	4/4	1	1		V/iv	c	i		V/iv		V				iv			M	1	1	0, 4, 1		0	0
42	42	7/8	7/8	4/4	1	1		iv	c	i		iv		iv							m	1	1	-1, -4, 0		-1	-1
43	43	0	0	4/4	1	1		iv6(2)/iv	c	i		iv6(2)/iv		iv		6	2	iv			m	1	1	-5, -1, 0		-2	-5
43	43	1/4	1/4	4/4	1	1		iv6/iv	c	i		iv6/iv		iv		6		iv			m	1	1	-5, -1, -2		-2	-5
43	43	1/2	1/2	4/4	1	1		V7/iv	c	i		V7/iv		V		7		iv			Mm7	1	1	0, 4, 1, -2		0	0
43	43	5/8	5/8	4/4	1	1		iv	c	i		iv		iv							m	1	1	-1, -4, 0		-1	-1
44	44	0	0	4/4	1	1		iv64/iv	c	i		iv64/iv		iv		64		iv			m	1	1	-1, -2, -5		-2	-1
44	44	1/4	1/4	4/4	1	1		V6/iv	c	i		V6/iv		V		6		iv			M	1	1	4, 1, 0		0	4
44	44	1/2	1/2	4/4	1	1		iv(9)	c	i		iv(9)		iv			9				m	1	1	-1, -4, 0	1	-1	-1
44	44	5/8	5/8	4/4	1	1		iv	c	i		iv		iv							m	1	1	-1, -4, 0		-1	-1
44	44	3/4	3/4	4/4	1	1		iv6	c	i		iv6		iv		6					m	1	1	-4, 0, -1		-1	-4
45	45	0	0	4/4	1	1		iv/iv	c	i		iv/iv		iv				iv			m	1	1	-2, -5, -1		-2	-2
45	45	1/4	1/4	4/4	1	1		V/iv	c	i		V/iv		V				iv			M	1	1	0, 4, 1		0	0
45	45	1/2	1/2	4/4	1	1		iv6	c	i		iv6		iv		6					m	1	1	-4, 0, -1		-1	-4
46	46	0	0	4/4	1	1		V6/VI	c	i		V6/VI		V		6		VI			M	1	1	1, -2, -3		-3	1
46	46	1/2	1/2	4/4	1	1		IV6/VI	c	i		IV6/VI		IV		6		VI			M	1	1	-1, -4, -5		-5	-1
46	46	3/4	3/4	4/4	1	1		V7/VI	c	i		V7/VI		V		7		VI			Mm7	1	1	-3, 1, -2, -5		-3	-3
47	47	0	0	4/4	1	1		VI	c	i		VI		VI							M	1	1	-4, 0, -3		-4	-4
47	47	1/4	1/4	4/4	1	1		iv	c	i		iv		iv							m	1	1	-1, -4, 0		-1	-1
47	47	1/2	1/2	4/4	1	1		iio	c	i		iio		ii	o						o	1	1	2, -1, -4		2	2
48	48	0	0	4/4	1	1		#viio	c	i		#viio		#vii	o						o	1	1	5, 2, -1		5	5
48	48	1/4	1/4	4/4	1	1		V	c	i		V		V							M	1	1	1, 5, 2		1	1
48	48	1/2	1/2	4/4	1	1		i	c	i		i		i							m	1	1	0, -3, 1		0	0
48	48	3/4	3/4	4/4	1	1		i6	c	i		i6		i		6					m	1	1	-3, 1, 0		0	-3
49	49	0	0	4/4	1	1		V	c	i		V		V							M	1	1	1, 5, 2		1	1
49	49	3/8	3/8	4/4	1	1		i	c	i		i		i							m	1	1	0, -3, 1		0	0
49	49	1/2	1/2	4/4	1	1		iv6	c	i		iv6		iv		6					m	1	1	-4, 0, -1		-1	-4
50	50	0	0	4/4	1	1		V7	c	i		V7		V		7					Mm7	1	1	1, 5, 2, -1		1	1
50	50	1/8	1/8	4/4	1	1		i(4)	c	i		i(4)		i			4				m	1	1	0, -1, 1		0	0
50	50	1/4	1/4	4/4	1	1		i	c	i		i		i							m	1	1	0, -3, 1		0	0
50	50	1/2	1/2	4/4	1	1		#viio(2)	c	i		#viio(2)		#vii	o		2				o	1	1	0, 2, -1		5	0
50	50	3/4	3/4	4/4	1	1		V6	c	i		V6		V		6					M	1	1	5, 2, 1		1	5
51	51	0	0	4/4	1	1		i	c	i		i		i							m	1	1	0, -3, 1		0	0
51	51	1/4	1/4	4/4	1	1		iio/v	c	i		iio/v		ii	o			v			o	1	1	3, 0, -3		3	3
51	51	1/2	1/2	4/4	1	1		v	c	i		v		v							m	1	1	1, -2, 2		1	1
51	51	3/4	3/4	4/4	1	1		V7/v	c	i		V7/v		V		7		v			Mm7	1	1	2, 6, 3, 0		2	2
52	52	0	0	4/4	1	1		v	c	i		v		v							m	1	1	1, -2, 2		1	1
52	52	1/8	1/8	4/4	1	1		iio/iv	c	i		iio/iv		ii	o			iv			o	1	1	1, -2, -5		1	1
52	52	1/2	1/2	4/4	1	1		iv	c	i		iv		iv							m	1	1	-1, -4, 0		-1	-1
52	52	3/4	3/4	4/4	1	1		V7/iv	c	i		V7/iv		V		7		iv			Mm7	1	1	0, 4, 1, -2		0	0
53	53	0	0	4/4	1	1		iv	c	i		iv		iv							m	1	1	-1, -4, 0		-1	-1
53	53	1/4	1/4	4/4	1	1		i6	c	i		i6		i		6					m	1	1	-3, 1, 0		0	-3
53	53	1/2	1/2	4/4	1	1		i	c	i		i		i							m	1	1	0, -3, 1		0	0
53	53	7/8	7/8	4/4	1	1		i6	c	i		i6		i		6					m	1	1	-3, 1, 0		0	-3
54	54	0	0	4/4	1	1		iv	c	i		iv		iv							m	1	1	-1, -4, 0		-1	-1
54	54	1/2	1/2	4/4	1	1		i(4)	c	i		i(4)		i			4				m	1	1	0, -1, 1		0	0
54	54	5/8	5/8	4/4	1	1		i	c	i		i		i							m	1	1	0, -3, 1		0	0
55	55	0	0	4/4	1	1		vii6(2)	c	i		vii6(2)		vii		6	2				m	1	1	-5, -1, 0		-2	-5
55	55	1/4	1/4	4/4	1	1		vii6	c	i		vii6		vii		6					m	1	1	-5, -1, -2		-2	-5
55	55	1/2	1/2	4/4	1	1		VI6(2)	c	i		VI6(2)		VI		6	2				M	1	1	0, -3, -2		-4	0
55	55	3/4	3/4	4/4	1	1		VI6	c	i		VI6		VI		6					M	1	1	0, -3, -4		-4	0
56	56	0	0	4/4	1	1		viio6(2)/VI	c	i		viio6(2)/VI		vii	o	6	2	VI			o	1	1	-2, -5, -4		1	-2
56	56	1/4	1/4	4/4	1	1		viio6/VI	c	i		viio6/VI		vii	o	6		VI			o	1	1	-2, -5, 1		1	-2
56	56	1/2	1/2	4/4	1	1		iv6(2)	c	i		iv6(2)		iv		6	2				m	1	1	-4, 0, 1		-1	-4
56	56	3/4	3/4	4/4	1	1		iv6	c	i		iv6		iv		6					m	1	1	-4, 0, -1		-1	-4
57	57	0	0	4/4	1	1		III6(2)	c	i		III6(2)		III		6	2				M	1	1	1, -2, -1		-3	1
57	57	1/4	1/4	4/4	1	1		III6	c	i		III6		III		6					M	1	1	1, -2, -3		-3	1
57	57	1/2	1/2	4/4	1	1		viio6(2)/III	c	i		viio6(2)/III		vii	o	6	2	III			o	1	1	-1, -4, -3		2	-1
57	57	3/4	3/4	4/4	1	1		V7/III	c	i		V7/III		V		7		III			Mm7	1	1	-2, 2, -1, -4		-2	-2
58	58	0	0	4/4	1	1		III\\	c	i		III		III						\\	M	1	1	-3, 1, -2		-3	-3
58	58	1/4	1/4	4/4	1	1		III6	c	i		III6		III		6					M	1	1	1, -2, -3		-3	1
58	58	1/2	1/2	4/4	1	1		III	c	i		III		III							M	1	1	-3, 1, -2		-3	-3
59	59	0	0	4/4	1	1		IV/III	c	i		IV/III		IV				III			M	1	1	-4, 0, -3		-4	-4
59	59	1/4	1/4	4/4	1	1		IV6/III	c	i		IV6/III		IV		6		III			M	1	1	0, -3, -4		-4	0
59	59	1/2	1/2	4/4	1	1		III	c	i		III		III							M	1	1	-3, 1, -2		-3	-3
60	60	0	0	4/4	1	1		iv7	c	i		iv7		iv		7					mm7	1	1	-1, -4, 0, -3		-1	-1
60	60	1/4	1/4	4/4	1	1		iv6	c	i		iv6		iv		6					m	1	1	-4, 0, -1		-1	-4
60	60	1/2	1/2	4/4	1	1		i	c	i		i		i							m	1	1	0, -3, 1		0	0
60	60	7/8	7/8	4/4	1	1		iv	c	i		iv		iv							m	1	1	-1, -4, 0		-1	-1
61	61	0	0	4/4	1	1		vii6(2)	c	i		vii6(2)		vii		6	2				m	1	1	-5, -1, 0		-2	-5
61	61	1/4	1/4	4/4	1	1		vii6	c	i		vii6		vii		6					m	1	1	-5, -1, -2		-2	-5
61	61	1/2	1/2	4/4	1	1		IV6(2)/III	c	i		IV6(2)/III		IV		6	2	III			M	1	1	0, -3, -2		-4	0
61	61	3/4	3/4	4/4	1	1		IV6/III	c	i		IV6/III		IV		6		III			M	1	1	0, -3, -4		-4	0
61	61	7/8	7/8	4/4	1	1		viio/III	c	i		viio/III		vii	o			III			o	1	1	2, -1, -4		2	2
62	62	0	0	4/4	1	1		III	c	i		III		III							M	1	1	-3, 1, -2		-3	-3
62	62	1/4	1/4	4/4	1	1		III6	c	i		III6		III		6					M	1	1	1, -2, -3		-3	1
62	62	1/2	1/2	4/4	1	1		V/III	c	i		V/III		V				III			M	1	1	-2, 2, -1		-2	-2
63	63	0	0	4/4	1	1		III	c	i		III		III							M	1	1	-3, 1, -2		-3	-3
63	63	1/4	1/4	4/4	1	1		III6	c	i		III6		III		6					M	1	1	1, -2, -3		-3	1
63	63	1/2	1/2	4/4	1	1		V/III	c	i		V/III		V				III			M	1	1	-2, 2, -1		-2	-2
64	64	0	0	4/4	1	1		i	c	i		i		i							m	1	1	0, -3, 1		0	0
64	64	1/4	1/4	4/4	1	1		i6	c	i		i6		i		6					m	1	1	-3, 1, 0		0	-3
64	64	1/2	1/2	4/4	1	1		V	c	i		V		V							M	1	1	1, 5, 2		1	1
65	65	0	0	4/4	1	1		i	c	i		i		i							m	1	1	0, -3, 1		0	0
65	65	1/4	1/4	4/4	1	1		i6	c	i		i6		i		6					m	1	1	-3, 1, 0		0	-3
65	65	1/2	1/2	4/4	1	1		V	c	i		V		V							M	1	1	1, 5, 2		1	1
66	66	0	0	4/4	1	1		i	c	i		i		i							m	1	1	0, -3, 1		0	0
66	66	1/2	1/2	4/4	1	1		v6(4)	c	i		v6(4)		v		6	4				m	1	1	0, 2, 1		1	0
66	66	3/4	3/4	4/4	1	1		v6	c	i		v6		v		6					m	1	1	-2, 2, 1		1	-2
67	67	0	0	4/4	1	1		iv6(2)	c	i		iv6(2)		iv		6	2				m	1	1	-4, 0, 1		-1	-4
67	67	1/8	1/8	4/4	1	1		iv6	c	i		iv6		iv		6					m	1	1	-4, 0, -1		-1	-4
67	67	1/4	1/4	4/4	1	1		iv	c	i		iv		iv							m	1	1	-1, -4, 0		-1	-1
67	67	1/2	1/2	4/4	1	1		V7	c	i		V7		V		7					Mm7	1	1	1, 5, 2, -1		1	1
67	67	3/4	3/4	4/4	1	1		V	c	i		V		V							M	1	1	1, 5, 2		1	1
68	68	0	0	4/4	1	1		i	c	i		i		i							m	1	1	0, -3, 1		0	0
68	68	1/2	1/2	4/4	1	1		v6	c	i		v6		v		6					m	1	1	-2, 2, 1		1	-2
68	68	3/4	3/4	4/4	1	1		V	c	i		V		V							M	1	1	1, 5, 2		1	1
69	69	0	0	4/4	1	1		.It6(2)	c	i		It6(2)	It	vii	o	6	b32	V			It	1	1	-4, 0, 1		6	-4
69	69	1/2	1/2	4/4	1	1		.It6	c	i		It6	It	vii	o	6	b3	V			It	1	1	-4, 0, 6		6	-4
70	70	0	0	4/4	1	1		V(4)	c	i		V(4)		V			4				M	1	1	1, 0, 2		1	1
70	70	1/4	1/4	4/4	1	1		V\\	c	i		V		V						\\	M	1	1	1, 5, 2		1	1
71	71	0	0	4/4	1	1		i	c	i		i		i							m	1	1	0, -3, 1		0	0
71	71	1/4	1/4	4/4	1	1		i6	c	i		i6		i		6					m	1	1	-3, 1, 0		0	-3
71	71	1/2	1/2	4/4	1	1		i64	c	i		i64		i		64					m	1	1	1, 0, -3		0	1
71	71	3/4	3/4	4/4	1	1		i	c	i		i		i							m	1	1	0, -3, 1		0	0
72	72	0	0	4/4	1	1		iv6	c	i		iv6		iv		6					m	1	1	-4, 0, -1		-1	-4
72	72	3/8	3/8	4/4	1	1		iv	c	i		iv		iv							m	1	1	-1, -4, 0		-1	-1
72	72	1/2	1/2	4/4	1	1		i(6)	c	i		i(6)		i			6				m	1	1	0, -3, -4		0	0
72	72	5/8	5/8	4/4	1	1		i	c	i		i		i							m	1	1	0, -3, 1		0	0
73	73	0	0	4/4	1	1		i6	c	i		i6		i		6					m	1	1	-3, 1, 0		0	-3
73	73	1/2	1/2	4/4	1	1		iv	c	i		iv		iv							m	1	1	-1, -4, 0		-1	-1
73	73	3/4	3/4	4/4	1	1		V7/III	c	i		V7/III		V		7		III			Mm7	1	1	-2, 2, -1, -4		-2	-2
74	74	0	0	4/4	1	1		i6(2)	c	i		i6(2)		i		6	2				m	1	1	-3, 1, 2		0	-3
74	74	3/8	3/8	4/4	1	1		i6	c	i		i6		i		6					m	1	1	-3, 1, 0		0	-3
74	74	1/2	1/2	4/4	1	1		iv6(2)	c	i		iv6(2)		iv		6	2				m	1	1	-4, 0, 1		-1	-4
74	74	5/8	5/8	4/4	1	1		iv6	c	i		iv6		iv		6					m	1	1	-4, 0, -1		-1	-4
74	74	7/8	7/8	4/4	1	1		V43/V	c	i		V43/V		V		43		V			Mm7	1	1	3, 0, 2, 6		2	3
75	75	0	0	4/4	1	1		V	c	i		V		V							M	1	1	1, 5, 2		1	1
75	75	1/4	1/4	4/4	1	1		V65	c	i		V65		V		65					Mm7	1	1	5, 2, -1, 1		1	5
75	75	1/2	1/2	4/4	1	1		i	c	i		i		i							m	1	1	0, -3, 1		0	0
75	75	3/4	3/4	4/4	1	1		VI	c	i		VI		VI							M	1	1	-4, 0, -3		-4	-4
75	75	7/8	7/8	4/4	1	1		viio7/V	c	i		viio7/V		vii	o	7		V			o7	1	1	6, 3, 0, -3		6	6
76	76	0	0	4/4	1	1		V(64)	c	i		V(64)		V			64				M	1	1	1, 0, -3		1	1
76	76	1/2	1/2	4/4	1	1		V7	c	i		V7		V		7					Mm7	1	1	1, 5, 2, -1		1	1
77	77	0	0	4/4	1	1		i\\	c	i		i		i						\\	m	1	1	0, -3, 1		0	0
